{"timestamp":"2026-07-31T06:56:09.538063Z","level":"info","event":"Filling up the DagBag from /opt/airflow/dags/1_first_dag.py","logger":"airflow.dag_processing.dagbag.BundleDagBag","filename":"dagbag.py","lineno":460}
{"timestamp":"2026-07-31T06:56:40.929352Z","level":"info","event":"Filling up the DagBag from /opt/airflow/dags/1_first_dag.py","logger":"airflow.dag_processing.dagbag.BundleDagBag","filename":"dagbag.py","lineno":460}
{"timestamp":"2026-07-31T06:56:45.435950Z","level":"info","event":"Filling up the DagBag from /opt/airflow/dags/1_first_dag.py","logger":"airflow.dag_processing.dagbag.BundleDagBag","filename":"dagbag.py","lineno":460}
{"timestamp":"2026-07-31T06:56:45.486278Z","level":"error","event":"Failed to import: /opt/airflow/dags/1_first_dag.py","logger":"airflow.dag_processing.importers.python_importer","filename":"python_importer.py","lineno":244,"error_detail":[{"exc_type":"SyntaxError","exc_value":"invalid syntax (1_first_dag.py, line 5)","exc_notes":[],"syntax_error":{"offset":11,"filename":"/opt/airflow/dags/1_first_dag.py","line":"    @task.\n","lineno":5,"msg":"invalid syntax"},"is_cause":false,"frames":[{"filename":"/home/airflow/.local/lib/python3.13/site-packages/airflow/dag_processing/importers/python_importer.py","lineno":238,"name":"parse"},{"filename":"<frozen importlib._bootstrap_external>","lineno":1019,"name":"exec_module"},{"filename":"<frozen importlib._bootstrap_external>","lineno":1157,"name":"get_code"},{"filename":"<frozen importlib._bootstrap_external>","lineno":1087,"name":"source_to_code"},{"filename":"<frozen importlib._bootstrap>","lineno":488,"name":"_call_with_frames_removed"}],"is_group":false,"exceptions":[]}]}
{"timestamp":"2026-07-31T06:56:45.511242Z","level":"error","event":"Error loading DAG from 1_first_dag.py: invalid syntax (1_first_dag.py, line 5)","logger":"airflow.dag_processing.dagbag.BundleDagBag","filename":"dagbag.py","lineno":319}
{"timestamp":"2026-07-31T06:56:47.936281Z","level":"info","event":"Filling up the DagBag from /opt/airflow/dags/1_first_dag.py","logger":"airflow.dag_processing.dagbag.BundleDagBag","filename":"dagbag.py","lineno":460}
{"timestamp":"2026-07-31T06:56:49.735653Z","level":"info","event":"Filling up the DagBag from /opt/airflow/dags/1_first_dag.py","logger":"airflow.dag_processing.dagbag.BundleDagBag","filename":"dagbag.py","lineno":460}
{"timestamp":"2026-07-31T06:56:54.505012Z","level":"info","event":"Filling up the DagBag from /opt/airflow/dags/1_first_dag.py","logger":"airflow.dag_processing.dagbag.BundleDagBag","filename":"dagbag.py","lineno":460}
{"timestamp":"2026-07-31T06:56:58.491223Z","level":"info","event":"Filling up the DagBag from /opt/airflow/dags/1_first_dag.py","logger":"airflow.dag_processing.dagbag.BundleDagBag","filename":"dagbag.py","lineno":460}
{"timestamp":"2026-07-31T06:57:00.791672Z","level":"info","event":"Filling up the DagBag from /opt/airflow/dags/1_first_dag.py","logger":"airflow.dag_processing.dagbag.BundleDagBag","filename":"dagbag.py","lineno":460}
{"timestamp":"2026-07-31T06:57:03.272599Z","level":"info","event":"Filling up the DagBag from /opt/airflow/dags/1_first_dag.py","logger":"airflow.dag_processing.dagbag.BundleDagBag","filename":"dagbag.py","lineno":460}
{"timestamp":"2026-07-31T06:57:07.791966Z","level":"info","event":"Filling up the DagBag from /opt/airflow/dags/1_first_dag.py","logger":"airflow.dag_processing.dagbag.BundleDagBag","filename":"dagbag.py","lineno":460}
{"timestamp":"2026-07-31T06:57:09.313110Z","level":"info","event":"Filling up the DagBag from /opt/airflow/dags/1_first_dag.py","logger":"airflow.dag_processing.dagbag.BundleDagBag","filename":"dagbag.py","lineno":460}
{"timestamp":"2026-07-31T06:57:15.880968Z","level":"info","event":"Filling up the DagBag from /opt/airflow/dags/1_first_dag.py","logger":"airflow.dag_processing.dagbag.BundleDagBag","filename":"dagbag.py","lineno":460}
{"timestamp":"2026-07-31T06:57:18.327167Z","level":"info","event":"Filling up the DagBag from /opt/airflow/dags/1_first_dag.py","logger":"airflow.dag_processing.dagbag.BundleDagBag","filename":"dagbag.py","lineno":460}
{"timestamp":"2026-07-31T06:57:20.834217Z","level":"info","event":"Filling up the DagBag from /opt/airflow/dags/1_first_dag.py","logger":"airflow.dag_processing.dagbag.BundleDagBag","filename":"dagbag.py","lineno":460}
{"timestamp":"2026-07-31T06:57:27.263389Z","level":"info","event":"Filling up the DagBag from /opt/airflow/dags/1_first_dag.py","logger":"airflow.dag_processing.dagbag.BundleDagBag","filename":"dagbag.py","lineno":460}
{"timestamp":"2026-07-31T06:57:33.899204Z","level":"info","event":"Filling up the DagBag from /opt/airflow/dags/1_first_dag.py","logger":"airflow.dag_processing.dagbag.BundleDagBag","filename":"dagbag.py","lineno":460}
{"timestamp":"2026-07-31T06:57:53.916152Z","level":"info","event":"Filling up the DagBag from /opt/airflow/dags/1_first_dag.py","logger":"airflow.dag_processing.dagbag.BundleDagBag","filename":"dagbag.py","lineno":460}
{"timestamp":"2026-07-31T06:57:53.966773Z","level":"error","event":"Failed to import: /opt/airflow/dags/1_first_dag.py","logger":"airflow.dag_processing.importers.python_importer","filename":"python_importer.py","lineno":244,"error_detail":[{"exc_type":"SyntaxError","exc_value":"invalid syntax (1_first_dag.py, line 19)","exc_notes":[],"syntax_error":{"offset":13,"filename":"/opt/airflow/dags/1_first_dag.py","line":"    first = ","lineno":19,"msg":"invalid syntax"},"is_cause":false,"frames":[{"filename":"/home/airflow/.local/lib/python3.13/site-packages/airflow/dag_processing/importers/python_importer.py","lineno":238,"name":"parse"},{"filename":"<frozen importlib._bootstrap_external>","lineno":1019,"name":"exec_module"},{"filename":"<frozen importlib._bootstrap_external>","lineno":1157,"name":"get_code"},{"filename":"<frozen importlib._bootstrap_external>","lineno":1087,"name":"source_to_code"},{"filename":"<frozen importlib._bootstrap>","lineno":488,"name":"_call_with_frames_removed"}],"is_group":false,"exceptions":[]}]}
{"timestamp":"2026-07-31T06:57:53.971298Z","level":"error","event":"Error loading DAG from 1_first_dag.py: invalid syntax (1_first_dag.py, line 19)","logger":"airflow.dag_processing.dagbag.BundleDagBag","filename":"dagbag.py","lineno":319}
{"timestamp":"2026-07-31T06:57:58.333128Z","level":"info","event":"Filling up the DagBag from /opt/airflow/dags/1_first_dag.py","logger":"airflow.dag_processing.dagbag.BundleDagBag","filename":"dagbag.py","lineno":460}
{"timestamp":"2026-07-31T06:58:02.816062Z","level":"info","event":"Filling up the DagBag from /opt/airflow/dags/1_first_dag.py","logger":"airflow.dag_processing.dagbag.BundleDagBag","filename":"dagbag.py","lineno":460}
{"timestamp":"2026-07-31T06:58:06.528795Z","level":"info","event":"Filling up the DagBag from /opt/airflow/dags/1_first_dag.py","logger":"airflow.dag_processing.dagbag.BundleDagBag","filename":"dagbag.py","lineno":460}
{"timestamp":"2026-07-31T06:58:10.967363Z","level":"info","event":"Filling up the DagBag from /opt/airflow/dags/1_first_dag.py","logger":"airflow.dag_processing.dagbag.BundleDagBag","filename":"dagbag.py","lineno":460}
{"timestamp":"2026-07-31T06:58:14.398486Z","level":"info","event":"Filling up the DagBag from /opt/airflow/dags/1_first_dag.py","logger":"airflow.dag_processing.dagbag.BundleDagBag","filename":"dagbag.py","lineno":460}
{"timestamp":"2026-07-31T06:58:45.431507Z","level":"info","event":"Filling up the DagBag from /opt/airflow/dags/1_first_dag.py","logger":"airflow.dag_processing.dagbag.BundleDagBag","filename":"dagbag.py","lineno":460}
{"timestamp":"2026-07-31T06:59:16.413366Z","level":"info","event":"Filling up the DagBag from /opt/airflow/dags/1_first_dag.py","logger":"airflow.dag_processing.dagbag.BundleDagBag","filename":"dagbag.py","lineno":460}
{"timestamp":"2026-07-31T06:59:26.074149Z","level":"info","event":"Filling up the DagBag from /opt/airflow/dags/1_first_dag.py","logger":"airflow.dag_processing.dagbag.BundleDagBag","filename":"dagbag.py","lineno":460}
{"timestamp":"2026-07-31T06:59:28.647406Z","level":"info","event":"Filling up the DagBag from /opt/airflow/dags/1_first_dag.py","logger":"airflow.dag_processing.dagbag.BundleDagBag","filename":"dagbag.py","lineno":460}
{"timestamp":"2026-07-31T06:59:31.161389Z","level":"info","event":"Filling up the DagBag from /opt/airflow/dags/1_first_dag.py","logger":"airflow.dag_processing.dagbag.BundleDagBag","filename":"dagbag.py","lineno":460}
{"timestamp":"2026-07-31T06:59:35.859024Z","level":"info","event":"Filling up the DagBag from /opt/airflow/dags/1_first_dag.py","logger":"airflow.dag_processing.dagbag.BundleDagBag","filename":"dagbag.py","lineno":460}
{"timestamp":"2026-07-31T06:59:39.679168Z","level":"info","event":"Filling up the DagBag from /opt/airflow/dags/1_first_dag.py","logger":"airflow.dag_processing.dagbag.BundleDagBag","filename":"dagbag.py","lineno":460}
{"timestamp":"2026-07-31T06:59:42.468583Z","level":"info","event":"Filling up the DagBag from /opt/airflow/dags/1_first_dag.py","logger":"airflow.dag_processing.dagbag.BundleDagBag","filename":"dagbag.py","lineno":460}
{"timestamp":"2026-07-31T06:59:45.050155Z","level":"info","event":"Filling up the DagBag from /opt/airflow/dags/1_first_dag.py","logger":"airflow.dag_processing.dagbag.BundleDagBag","filename":"dagbag.py","lineno":460}
{"timestamp":"2026-07-31T06:59:47.510096Z","level":"info","event":"Filling up the DagBag from /opt/airflow/dags/1_first_dag.py","logger":"airflow.dag_processing.dagbag.BundleDagBag","filename":"dagbag.py","lineno":460}
{"timestamp":"2026-07-31T06:59:50.871657Z","level":"info","event":"Filling up the DagBag from /opt/airflow/dags/1_first_dag.py","logger":"airflow.dag_processing.dagbag.BundleDagBag","filename":"dagbag.py","lineno":460}
{"timestamp":"2026-07-31T06:59:58.365907Z","level":"info","event":"Filling up the DagBag from /opt/airflow/dags/1_first_dag.py","logger":"airflow.dag_processing.dagbag.BundleDagBag","filename":"dagbag.py","lineno":460}
{"timestamp":"2026-07-31T07:00:01.759198Z","level":"info","event":"Filling up the DagBag from /opt/airflow/dags/1_first_dag.py","logger":"airflow.dag_processing.dagbag.BundleDagBag","filename":"dagbag.py","lineno":460}
{"timestamp":"2026-07-31T07:00:01.817821Z","level":"error","event":"Failed to import: /opt/airflow/dags/1_first_dag.py","logger":"airflow.dag_processing.importers.python_importer","filename":"python_importer.py","lineno":244,"error_detail":[{"exc_type":"SyntaxError","exc_value":"invalid syntax (1_first_dag.py, line 23)","exc_notes":[],"syntax_error":{"offset":24,"filename":"/opt/airflow/dags/1_first_dag.py","line":"    first >> second >> ","lineno":23,"msg":"invalid syntax"},"is_cause":false,"frames":[{"filename":"/home/airflow/.local/lib/python3.13/site-packages/airflow/dag_processing/importers/python_importer.py","lineno":238,"name":"parse"},{"filename":"<frozen importlib._bootstrap_external>","lineno":1019,"name":"exec_module"},{"filename":"<frozen importlib._bootstrap_external>","lineno":1157,"name":"get_code"},{"filename":"<frozen importlib._bootstrap_external>","lineno":1087,"name":"source_to_code"},{"filename":"<frozen importlib._bootstrap>","lineno":488,"name":"_call_with_frames_removed"}],"is_group":false,"exceptions":[]}]}
{"timestamp":"2026-07-31T07:00:01.821542Z","level":"error","event":"Error loading DAG from 1_first_dag.py: invalid syntax (1_first_dag.py, line 23)","logger":"airflow.dag_processing.dagbag.BundleDagBag","filename":"dagbag.py","lineno":319}
{"timestamp":"2026-07-31T07:00:03.059953Z","level":"info","event":"Filling up the DagBag from /opt/airflow/dags/1_first_dag.py","logger":"airflow.dag_processing.dagbag.BundleDagBag","filename":"dagbag.py","lineno":460}
{"timestamp":"2026-07-31T07:00:08.542938Z","level":"info","event":"Filling up the DagBag from /opt/airflow/dags/1_first_dag.py","logger":"airflow.dag_processing.dagbag.BundleDagBag","filename":"dagbag.py","lineno":460}
{"timestamp":"2026-07-31T07:00:13.152991Z","level":"info","event":"Filling up the DagBag from /opt/airflow/dags/1_first_dag.py","logger":"airflow.dag_processing.dagbag.BundleDagBag","filename":"dagbag.py","lineno":460}
{"timestamp":"2026-07-31T07:00:13.591507Z","level":"error","event":"Failed to import: /opt/airflow/dags/1_first_dag.py","logger":"airflow.dag_processing.importers.python_importer","filename":"python_importer.py","lineno":244,"error_detail":[{"exc_type":"TypeError","exc_value":"unsupported operand type(s) for >>: '_TaskDecorator' and '_TaskDecorator'","exc_notes":[],"syntax_error":null,"is_cause":false,"frames":[{"filename":"/home/airflow/.local/lib/python3.13/site-packages/airflow/dag_processing/importers/python_importer.py","lineno":238,"name":"parse"},{"filename":"<frozen importlib._bootstrap_external>","lineno":1023,"name":"exec_module"},{"filename":"<frozen importlib._bootstrap>","lineno":488,"name":"_call_with_frames_removed"},{"filename":"/opt/airflow/dags/1_first_dag.py","lineno":26,"name":"<module>"},{"filename":"/home/airflow/.local/lib/python3.13/site-packages/airflow/sdk/definitions/dag.py","lineno":1696,"name":"factory"},{"filename":"/opt/airflow/dags/1_first_dag.py","lineno":23,"name":"first_dag"}],"is_group":false,"exceptions":[]}]}
{"timestamp":"2026-07-31T07:00:13.629095Z","level":"error","event":"Error loading DAG from 1_first_dag.py: unsupported operand type(s) for >>: '_TaskDecorator' and '_TaskDecorator'","logger":"airflow.dag_processing.dagbag.BundleDagBag","filename":"dagbag.py","lineno":319}
{"timestamp":"2026-07-31T07:00:44.459347Z","level":"info","event":"Filling up the DagBag from /opt/airflow/dags/1_first_dag.py","logger":"airflow.dag_processing.dagbag.BundleDagBag","filename":"dagbag.py","lineno":460}
{"timestamp":"2026-07-31T07:00:44.582338Z","level":"error","event":"Failed to import: /opt/airflow/dags/1_first_dag.py","logger":"airflow.dag_processing.importers.python_importer","filename":"python_importer.py","lineno":244,"error_detail":[{"exc_type":"TypeError","exc_value":"unsupported operand type(s) for >>: '_TaskDecorator' and '_TaskDecorator'","exc_notes":[],"syntax_error":null,"is_cause":false,"frames":[{"filename":"/home/airflow/.local/lib/python3.13/site-packages/airflow/dag_processing/importers/python_importer.py","lineno":238,"name":"parse"},{"filename":"<frozen importlib._bootstrap_external>","lineno":1023,"name":"exec_module"},{"filename":"<frozen importlib._bootstrap>","lineno":488,"name":"_call_with_frames_removed"},{"filename":"/opt/airflow/dags/1_first_dag.py","lineno":26,"name":"<module>"},{"filename":"/home/airflow/.local/lib/python3.13/site-packages/airflow/sdk/definitions/dag.py","lineno":1696,"name":"factory"},{"filename":"/opt/airflow/dags/1_first_dag.py","lineno":23,"name":"first_dag"}],"is_group":false,"exceptions":[]}]}
{"timestamp":"2026-07-31T07:00:44.594937Z","level":"error","event":"Error loading DAG from 1_first_dag.py: unsupported operand type(s) for >>: '_TaskDecorator' and '_TaskDecorator'","logger":"airflow.dag_processing.dagbag.BundleDagBag","filename":"dagbag.py","lineno":319}
{"timestamp":"2026-07-31T07:00:55.166020Z","level":"info","event":"Filling up the DagBag from /opt/airflow/dags/1_first_dag.py","logger":"airflow.dag_processing.dagbag.BundleDagBag","filename":"dagbag.py","lineno":460}
{"timestamp":"2026-07-31T07:00:55.446482Z","level":"error","event":"Failed to import: /opt/airflow/dags/1_first_dag.py","logger":"airflow.dag_processing.importers.python_importer","filename":"python_importer.py","lineno":244,"error_detail":[{"exc_type":"AttributeError","exc_value":"'_TaskDecorator' object has no attribute 'update_relative'","exc_notes":[],"syntax_error":null,"is_cause":false,"frames":[{"filename":"/home/airflow/.local/lib/python3.13/site-packages/airflow/dag_processing/importers/python_importer.py","lineno":238,"name":"parse"},{"filename":"<frozen importlib._bootstrap_external>","lineno":1023,"name":"exec_module"},{"filename":"<frozen importlib._bootstrap>","lineno":488,"name":"_call_with_frames_removed"},{"filename":"/opt/airflow/dags/1_first_dag.py","lineno":26,"name":"<module>"},{"filename":"/home/airflow/.local/lib/python3.13/site-packages/airflow/sdk/definitions/dag.py","lineno":1696,"name":"factory"},{"filename":"/opt/airflow/dags/1_first_dag.py","lineno":23,"name":"first_dag"},{"filename":"/home/airflow/.local/lib/python3.13/site-packages/airflow/sdk/definitions/_internal/mixins.py","lineno":99,"name":"__rshift__"},{"filename":"/home/airflow/.local/lib/python3.13/site-packages/airflow/sdk/definitions/xcom_arg.py","lineno":157,"name":"set_downstream"},{"filename":"/home/airflow/.local/lib/python3.13/site-packages/airflow/sdk/definitions/_internal/node.py","lineno":150,"name":"set_downstream"},{"filename":"/home/airflow/.local/lib/python3.13/site-packages/airflow/sdk/definitions/_internal/node.py","lineno":102,"name":"_set_relatives"}],"is_group":false,"exceptions":[]}]}
{"timestamp":"2026-07-31T07:00:55.463346Z","level":"error","event":"Error loading DAG from 1_first_dag.py: '_TaskDecorator' object has no attribute 'update_relative'","logger":"airflow.dag_processing.dagbag.BundleDagBag","filename":"dagbag.py","lineno":319}
{"timestamp":"2026-07-31T07:00:56.718803Z","level":"info","event":"Filling up the DagBag from /opt/airflow/dags/1_first_dag.py","logger":"airflow.dag_processing.dagbag.BundleDagBag","filename":"dagbag.py","lineno":460}
{"timestamp":"2026-07-31T07:00:56.947800Z","level":"error","event":"Failed to import: /opt/airflow/dags/1_first_dag.py","logger":"airflow.dag_processing.importers.python_importer","filename":"python_importer.py","lineno":244,"error_detail":[{"exc_type":"AttributeError","exc_value":"'_TaskDecorator' object has no attribute 'update_relative'","exc_notes":[],"syntax_error":null,"is_cause":false,"frames":[{"filename":"/home/airflow/.local/lib/python3.13/site-packages/airflow/dag_processing/importers/python_importer.py","lineno":238,"name":"parse"},{"filename":"<frozen importlib._bootstrap_external>","lineno":1023,"name":"exec_module"},{"filename":"<frozen importlib._bootstrap>","lineno":488,"name":"_call_with_frames_removed"},{"filename":"/opt/airflow/dags/1_first_dag.py","lineno":26,"name":"<module>"},{"filename":"/home/airflow/.local/lib/python3.13/site-packages/airflow/sdk/definitions/dag.py","lineno":1696,"name":"factory"},{"filename":"/opt/airflow/dags/1_first_dag.py","lineno":23,"name":"first_dag"},{"filename":"/home/airflow/.local/lib/python3.13/site-packages/airflow/sdk/definitions/_internal/mixins.py","lineno":99,"name":"__rshift__"},{"filename":"/home/airflow/.local/lib/python3.13/site-packages/airflow/sdk/definitions/xcom_arg.py","lineno":157,"name":"set_downstream"},{"filename":"/home/airflow/.local/lib/python3.13/site-packages/airflow/sdk/definitions/_internal/node.py","lineno":150,"name":"set_downstream"},{"filename":"/home/airflow/.local/lib/python3.13/site-packages/airflow/sdk/definitions/_internal/node.py","lineno":102,"name":"_set_relatives"}],"is_group":false,"exceptions":[]}]}
{"timestamp":"2026-07-31T07:00:56.957297Z","level":"error","event":"Error loading DAG from 1_first_dag.py: '_TaskDecorator' object has no attribute 'update_relative'","logger":"airflow.dag_processing.dagbag.BundleDagBag","filename":"dagbag.py","lineno":319}
{"timestamp":"2026-07-31T07:00:58.209197Z","level":"info","event":"Filling up the DagBag from /opt/airflow/dags/1_first_dag.py","logger":"airflow.dag_processing.dagbag.BundleDagBag","filename":"dagbag.py","lineno":460}
{"timestamp":"2026-07-31T07:01:12.986306Z","level":"info","event":"Filling up the DagBag from /opt/airflow/dags/1_first_dag.py","logger":"airflow.dag_processing.dagbag.BundleDagBag","filename":"dagbag.py","lineno":460}
{"timestamp":"2026-07-31T07:01:43.856088Z","level":"info","event":"Filling up the DagBag from /opt/airflow/dags/1_first_dag.py","logger":"airflow.dag_processing.dagbag.BundleDagBag","filename":"dagbag.py","lineno":460}
{"timestamp":"2026-07-31T07:02:17.065499Z","level":"info","event":"Filling up the DagBag from /opt/airflow/dags/1_first_dag.py","logger":"airflow.dag_processing.dagbag.BundleDagBag","filename":"dagbag.py","lineno":460}
{"timestamp":"2026-07-31T07:02:49.605587Z","level":"info","event":"Filling up the DagBag from /opt/airflow/dags/1_first_dag.py","logger":"airflow.dag_processing.dagbag.BundleDagBag","filename":"dagbag.py","lineno":460}
{"timestamp":"2026-07-31T07:03:20.525400Z","level":"info","event":"Filling up the DagBag from /opt/airflow/dags/1_first_dag.py","logger":"airflow.dag_processing.dagbag.BundleDagBag","filename":"dagbag.py","lineno":460}
{"timestamp":"2026-07-31T07:03:51.060796Z","level":"info","event":"Filling up the DagBag from /opt/airflow/dags/1_first_dag.py","logger":"airflow.dag_processing.dagbag.BundleDagBag","filename":"dagbag.py","lineno":460}
{"timestamp":"2026-07-31T07:04:21.969764Z","level":"info","event":"Filling up the DagBag from /opt/airflow/dags/1_first_dag.py","logger":"airflow.dag_processing.dagbag.BundleDagBag","filename":"dagbag.py","lineno":460}
{"timestamp":"2026-07-31T07:04:52.929843Z","level":"info","event":"Filling up the DagBag from /opt/airflow/dags/1_first_dag.py","logger":"airflow.dag_processing.dagbag.BundleDagBag","filename":"dagbag.py","lineno":460}
{"timestamp":"2026-07-31T07:04:55.758696Z","level":"info","event":"Filling up the DagBag from /opt/airflow/dags/1_first_dag.py","logger":"airflow.dag_processing.dagbag.BundleDagBag","filename":"dagbag.py","lineno":460}
{"timestamp":"2026-07-31T07:04:59.348752Z","level":"info","event":"Filling up the DagBag from /opt/airflow/dags/1_first_dag.py","logger":"airflow.dag_processing.dagbag.BundleDagBag","filename":"dagbag.py","lineno":460}
{"timestamp":"2026-07-31T07:05:30.452787Z","level":"info","event":"Filling up the DagBag from /opt/airflow/dags/1_first_dag.py","logger":"airflow.dag_processing.dagbag.BundleDagBag","filename":"dagbag.py","lineno":460}
{"timestamp":"2026-07-31T07:06:01.542580Z","level":"info","event":"Filling up the DagBag from /opt/airflow/dags/1_first_dag.py","logger":"airflow.dag_processing.dagbag.BundleDagBag","filename":"dagbag.py","lineno":460}
{"timestamp":"2026-07-31T07:06:32.690069Z","level":"info","event":"Filling up the DagBag from /opt/airflow/dags/1_first_dag.py","logger":"airflow.dag_processing.dagbag.BundleDagBag","filename":"dagbag.py","lineno":460}
{"timestamp":"2026-07-31T07:07:03.565250Z","level":"info","event":"Filling up the DagBag from /opt/airflow/dags/1_first_dag.py","logger":"airflow.dag_processing.dagbag.BundleDagBag","filename":"dagbag.py","lineno":460}
{"timestamp":"2026-07-31T07:07:34.383329Z","level":"info","event":"Filling up the DagBag from /opt/airflow/dags/1_first_dag.py","logger":"airflow.dag_processing.dagbag.BundleDagBag","filename":"dagbag.py","lineno":460}
{"timestamp":"2026-07-31T07:08:05.360548Z","level":"info","event":"Filling up the DagBag from /opt/airflow/dags/1_first_dag.py","logger":"airflow.dag_processing.dagbag.BundleDagBag","filename":"dagbag.py","lineno":460}
{"timestamp":"2026-07-31T07:08:36.470001Z","level":"info","event":"Filling up the DagBag from /opt/airflow/dags/1_first_dag.py","logger":"airflow.dag_processing.dagbag.BundleDagBag","filename":"dagbag.py","lineno":460}
{"timestamp":"2026-07-31T07:09:07.444223Z","level":"info","event":"Filling up the DagBag from /opt/airflow/dags/1_first_dag.py","logger":"airflow.dag_processing.dagbag.BundleDagBag","filename":"dagbag.py","lineno":460}
{"timestamp":"2026-07-31T07:09:38.267409Z","level":"info","event":"Filling up the DagBag from /opt/airflow/dags/1_first_dag.py","logger":"airflow.dag_processing.dagbag.BundleDagBag","filename":"dagbag.py","lineno":460}
{"timestamp":"2026-07-31T07:10:08.765431Z","level":"info","event":"Filling up the DagBag from /opt/airflow/dags/1_first_dag.py","logger":"airflow.dag_processing.dagbag.BundleDagBag","filename":"dagbag.py","lineno":460}
{"timestamp":"2026-07-31T07:10:39.451577Z","level":"info","event":"Filling up the DagBag from /opt/airflow/dags/1_first_dag.py","logger":"airflow.dag_processing.dagbag.BundleDagBag","filename":"dagbag.py","lineno":460}
{"timestamp":"2026-07-31T07:11:10.150586Z","level":"info","event":"Filling up the DagBag from /opt/airflow/dags/1_first_dag.py","logger":"airflow.dag_processing.dagbag.BundleDagBag","filename":"dagbag.py","lineno":460}
{"timestamp":"2026-07-31T07:11:41.316551Z","level":"info","event":"Filling up the DagBag from /opt/airflow/dags/1_first_dag.py","logger":"airflow.dag_processing.dagbag.BundleDagBag","filename":"dagbag.py","lineno":460}
{"timestamp":"2026-07-31T07:12:12.508494Z","level":"info","event":"Filling up the DagBag from /opt/airflow/dags/1_first_dag.py","logger":"airflow.dag_processing.dagbag.BundleDagBag","filename":"dagbag.py","lineno":460}
{"timestamp":"2026-07-31T07:12:42.915253Z","level":"info","event":"Filling up the DagBag from /opt/airflow/dags/1_first_dag.py","logger":"airflow.dag_processing.dagbag.BundleDagBag","filename":"dagbag.py","lineno":460}
{"timestamp":"2026-07-31T07:13:13.745065Z","level":"info","event":"Filling up the DagBag from /opt/airflow/dags/1_first_dag.py","logger":"airflow.dag_processing.dagbag.BundleDagBag","filename":"dagbag.py","lineno":460}
{"timestamp":"2026-07-31T07:13:44.583275Z","level":"info","event":"Filling up the DagBag from /opt/airflow/dags/1_first_dag.py","logger":"airflow.dag_processing.dagbag.BundleDagBag","filename":"dagbag.py","lineno":460}
{"timestamp":"2026-07-31T07:14:15.294962Z","level":"info","event":"Filling up the DagBag from /opt/airflow/dags/1_first_dag.py","logger":"airflow.dag_processing.dagbag.BundleDagBag","filename":"dagbag.py","lineno":460}
{"timestamp":"2026-07-31T07:14:46.071749Z","level":"info","event":"Filling up the DagBag from /opt/airflow/dags/1_first_dag.py","logger":"airflow.dag_processing.dagbag.BundleDagBag","filename":"dagbag.py","lineno":460}
{"timestamp":"2026-07-31T07:15:16.390530Z","level":"info","event":"Filling up the DagBag from /opt/airflow/dags/1_first_dag.py","logger":"airflow.dag_processing.dagbag.BundleDagBag","filename":"dagbag.py","lineno":460}
{"timestamp":"2026-07-31T07:15:46.945633Z","level":"info","event":"Filling up the DagBag from /opt/airflow/dags/1_first_dag.py","logger":"airflow.dag_processing.dagbag.BundleDagBag","filename":"dagbag.py","lineno":460}
{"timestamp":"2026-07-31T07:16:17.839003Z","level":"info","event":"Filling up the DagBag from /opt/airflow/dags/1_first_dag.py","logger":"airflow.dag_processing.dagbag.BundleDagBag","filename":"dagbag.py","lineno":460}
{"timestamp":"2026-07-31T07:16:48.768041Z","level":"info","event":"Filling up the DagBag from /opt/airflow/dags/1_first_dag.py","logger":"airflow.dag_processing.dagbag.BundleDagBag","filename":"dagbag.py","lineno":460}
{"timestamp":"2026-07-31T07:17:19.197385Z","level":"info","event":"Filling up the DagBag from /opt/airflow/dags/1_first_dag.py","logger":"airflow.dag_processing.dagbag.BundleDagBag","filename":"dagbag.py","lineno":460}
{"timestamp":"2026-07-31T07:17:50.234154Z","level":"info","event":"Filling up the DagBag from /opt/airflow/dags/1_first_dag.py","logger":"airflow.dag_processing.dagbag.BundleDagBag","filename":"dagbag.py","lineno":460}
{"timestamp":"2026-07-31T07:18:22.090751Z","level":"info","event":"Filling up the DagBag from /opt/airflow/dags/1_first_dag.py","logger":"airflow.dag_processing.dagbag.BundleDagBag","filename":"dagbag.py","lineno":460}
{"timestamp":"2026-07-31T10:44:17.854303Z","level":"info","event":"Filling up the DagBag from /opt/airflow/dags/1_first_dag.py","logger":"airflow.dag_processing.dagbag.BundleDagBag","filename":"dagbag.py","lineno":460}
{"timestamp":"2026-07-31T10:44:49.146862Z","level":"info","event":"Filling up the DagBag from /opt/airflow/dags/1_first_dag.py","logger":"airflow.dag_processing.dagbag.BundleDagBag","filename":"dagbag.py","lineno":460}
{"timestamp":"2026-07-31T10:45:20.039588Z","level":"info","event":"Filling up the DagBag from /opt/airflow/dags/1_first_dag.py","logger":"airflow.dag_processing.dagbag.BundleDagBag","filename":"dagbag.py","lineno":460}
{"timestamp":"2026-07-31T10:45:50.800046Z","level":"info","event":"Filling up the DagBag from /opt/airflow/dags/1_first_dag.py","logger":"airflow.dag_processing.dagbag.BundleDagBag","filename":"dagbag.py","lineno":460}
{"timestamp":"2026-07-31T10:46:21.687029Z","level":"info","event":"Filling up the DagBag from /opt/airflow/dags/1_first_dag.py","logger":"airflow.dag_processing.dagbag.BundleDagBag","filename":"dagbag.py","lineno":460}
{"timestamp":"2026-07-31T10:46:52.340345Z","level":"info","event":"Filling up the DagBag from /opt/airflow/dags/1_first_dag.py","logger":"airflow.dag_processing.dagbag.BundleDagBag","filename":"dagbag.py","lineno":460}
{"timestamp":"2026-07-31T10:47:24.562717Z","level":"info","event":"Filling up the DagBag from /opt/airflow/dags/1_first_dag.py","logger":"airflow.dag_processing.dagbag.BundleDagBag","filename":"dagbag.py","lineno":460}
{"timestamp":"2026-07-31T10:47:55.201905Z","level":"info","event":"Filling up the DagBag from /opt/airflow/dags/1_first_dag.py","logger":"airflow.dag_processing.dagbag.BundleDagBag","filename":"dagbag.py","lineno":460}
{"timestamp":"2026-07-31T10:48:25.914834Z","level":"info","event":"Filling up the DagBag from /opt/airflow/dags/1_first_dag.py","logger":"airflow.dag_processing.dagbag.BundleDagBag","filename":"dagbag.py","lineno":460}
{"timestamp":"2026-07-31T10:48:56.527270Z","level":"info","event":"Filling up the DagBag from /opt/airflow/dags/1_first_dag.py","logger":"airflow.dag_processing.dagbag.BundleDagBag","filename":"dagbag.py","lineno":460}
{"timestamp":"2026-07-31T10:49:27.085200Z","level":"info","event":"Filling up the DagBag from /opt/airflow/dags/1_first_dag.py","logger":"airflow.dag_processing.dagbag.BundleDagBag","filename":"dagbag.py","lineno":460}
{"timestamp":"2026-07-31T10:49:57.669527Z","level":"info","event":"Filling up the DagBag from /opt/airflow/dags/1_first_dag.py","logger":"airflow.dag_processing.dagbag.BundleDagBag","filename":"dagbag.py","lineno":460}
{"timestamp":"2026-07-31T10:50:28.680603Z","level":"info","event":"Filling up the DagBag from /opt/airflow/dags/1_first_dag.py","logger":"airflow.dag_processing.dagbag.BundleDagBag","filename":"dagbag.py","lineno":460}
{"timestamp":"2026-07-31T10:50:58.984712Z","level":"info","event":"Filling up the DagBag from /opt/airflow/dags/1_first_dag.py","logger":"airflow.dag_processing.dagbag.BundleDagBag","filename":"dagbag.py","lineno":460}
{"timestamp":"2026-07-31T10:51:29.657493Z","level":"info","event":"Filling up the DagBag from /opt/airflow/dags/1_first_dag.py","logger":"airflow.dag_processing.dagbag.BundleDagBag","filename":"dagbag.py","lineno":460}
{"timestamp":"2026-07-31T10:52:00.283268Z","level":"info","event":"Filling up the DagBag from /opt/airflow/dags/1_first_dag.py","logger":"airflow.dag_processing.dagbag.BundleDagBag","filename":"dagbag.py","lineno":460}
{"timestamp":"2026-07-31T10:52:30.816267Z","level":"info","event":"Filling up the DagBag from /opt/airflow/dags/1_first_dag.py","logger":"airflow.dag_processing.dagbag.BundleDagBag","filename":"dagbag.py","lineno":460}
{"timestamp":"2026-07-31T10:53:01.730364Z","level":"info","event":"Filling up the DagBag from /opt/airflow/dags/1_first_dag.py","logger":"airflow.dag_processing.dagbag.BundleDagBag","filename":"dagbag.py","lineno":460}
{"timestamp":"2026-07-31T10:53:32.520932Z","level":"info","event":"Filling up the DagBag from /opt/airflow/dags/1_first_dag.py","logger":"airflow.dag_processing.dagbag.BundleDagBag","filename":"dagbag.py","lineno":460}
{"timestamp":"2026-07-31T10:54:03.234346Z","level":"info","event":"Filling up the DagBag from /opt/airflow/dags/1_first_dag.py","logger":"airflow.dag_processing.dagbag.BundleDagBag","filename":"dagbag.py","lineno":460}
{"timestamp":"2026-07-31T10:54:34.127979Z","level":"info","event":"Filling up the DagBag from /opt/airflow/dags/1_first_dag.py","logger":"airflow.dag_processing.dagbag.BundleDagBag","filename":"dagbag.py","lineno":460}
{"timestamp":"2026-07-31T10:55:04.909110Z","level":"info","event":"Filling up the DagBag from /opt/airflow/dags/1_first_dag.py","logger":"airflow.dag_processing.dagbag.BundleDagBag","filename":"dagbag.py","lineno":460}
{"timestamp":"2026-07-31T10:55:35.986928Z","level":"info","event":"Filling up the DagBag from /opt/airflow/dags/1_first_dag.py","logger":"airflow.dag_processing.dagbag.BundleDagBag","filename":"dagbag.py","lineno":460}
{"timestamp":"2026-07-31T10:56:06.401443Z","level":"info","event":"Filling up the DagBag from /opt/airflow/dags/1_first_dag.py","logger":"airflow.dag_processing.dagbag.BundleDagBag","filename":"dagbag.py","lineno":460}
{"timestamp":"2026-07-31T10:56:37.668987Z","level":"info","event":"Filling up the DagBag from /opt/airflow/dags/1_first_dag.py","logger":"airflow.dag_processing.dagbag.BundleDagBag","filename":"dagbag.py","lineno":460}
{"timestamp":"2026-07-31T10:57:08.325720Z","level":"info","event":"Filling up the DagBag from /opt/airflow/dags/1_first_dag.py","logger":"airflow.dag_processing.dagbag.BundleDagBag","filename":"dagbag.py","lineno":460}
{"timestamp":"2026-07-31T10:57:39.024328Z","level":"info","event":"Filling up the DagBag from /opt/airflow/dags/1_first_dag.py","logger":"airflow.dag_processing.dagbag.BundleDagBag","filename":"dagbag.py","lineno":460}
{"timestamp":"2026-07-31T10:58:10.379824Z","level":"info","event":"Filling up the DagBag from /opt/airflow/dags/1_first_dag.py","logger":"airflow.dag_processing.dagbag.BundleDagBag","filename":"dagbag.py","lineno":460}
{"timestamp":"2026-07-31T10:58:41.073421Z","level":"info","event":"Filling up the DagBag from /opt/airflow/dags/1_first_dag.py","logger":"airflow.dag_processing.dagbag.BundleDagBag","filename":"dagbag.py","lineno":460}
{"timestamp":"2026-07-31T10:59:11.595201Z","level":"info","event":"Filling up the DagBag from /opt/airflow/dags/1_first_dag.py","logger":"airflow.dag_processing.dagbag.BundleDagBag","filename":"dagbag.py","lineno":460}
{"timestamp":"2026-07-31T10:59:42.300059Z","level":"info","event":"Filling up the DagBag from /opt/airflow/dags/1_first_dag.py","logger":"airflow.dag_processing.dagbag.BundleDagBag","filename":"dagbag.py","lineno":460}
{"timestamp":"2026-07-31T11:00:13.556991Z","level":"info","event":"Filling up the DagBag from /opt/airflow/dags/1_first_dag.py","logger":"airflow.dag_processing.dagbag.BundleDagBag","filename":"dagbag.py","lineno":460}
{"timestamp":"2026-07-31T11:00:44.601036Z","level":"info","event":"Filling up the DagBag from /opt/airflow/dags/1_first_dag.py","logger":"airflow.dag_processing.dagbag.BundleDagBag","filename":"dagbag.py","lineno":460}
{"timestamp":"2026-07-31T11:01:15.509148Z","level":"info","event":"Filling up the DagBag from /opt/airflow/dags/1_first_dag.py","logger":"airflow.dag_processing.dagbag.BundleDagBag","filename":"dagbag.py","lineno":460}
{"timestamp":"2026-07-31T11:01:46.013476Z","level":"info","event":"Filling up the DagBag from /opt/airflow/dags/1_first_dag.py","logger":"airflow.dag_processing.dagbag.BundleDagBag","filename":"dagbag.py","lineno":460}
{"timestamp":"2026-07-31T11:02:16.940218Z","level":"info","event":"Filling up the DagBag from /opt/airflow/dags/1_first_dag.py","logger":"airflow.dag_processing.dagbag.BundleDagBag","filename":"dagbag.py","lineno":460}
{"timestamp":"2026-07-31T11:02:47.672803Z","level":"info","event":"Filling up the DagBag from /opt/airflow/dags/1_first_dag.py","logger":"airflow.dag_processing.dagbag.BundleDagBag","filename":"dagbag.py","lineno":460}
{"timestamp":"2026-07-31T11:03:18.478494Z","level":"info","event":"Filling up the DagBag from /opt/airflow/dags/1_first_dag.py","logger":"airflow.dag_processing.dagbag.BundleDagBag","filename":"dagbag.py","lineno":460}
{"timestamp":"2026-07-31T11:03:49.374799Z","level":"info","event":"Filling up the DagBag from /opt/airflow/dags/1_first_dag.py","logger":"airflow.dag_processing.dagbag.BundleDagBag","filename":"dagbag.py","lineno":460}
{"timestamp":"2026-07-31T11:04:20.257103Z","level":"info","event":"Filling up the DagBag from /opt/airflow/dags/1_first_dag.py","logger":"airflow.dag_processing.dagbag.BundleDagBag","filename":"dagbag.py","lineno":460}
{"timestamp":"2026-07-31T11:04:51.031867Z","level":"info","event":"Filling up the DagBag from /opt/airflow/dags/1_first_dag.py","logger":"airflow.dag_processing.dagbag.BundleDagBag","filename":"dagbag.py","lineno":460}
{"timestamp":"2026-07-31T11:05:21.382197Z","level":"info","event":"Filling up the DagBag from /opt/airflow/dags/1_first_dag.py","logger":"airflow.dag_processing.dagbag.BundleDagBag","filename":"dagbag.py","lineno":460}
{"timestamp":"2026-07-31T11:05:52.799971Z","level":"info","event":"Filling up the DagBag from /opt/airflow/dags/1_first_dag.py","logger":"airflow.dag_processing.dagbag.BundleDagBag","filename":"dagbag.py","lineno":460}
{"timestamp":"2026-07-31T11:06:23.801589Z","level":"info","event":"Filling up the DagBag from /opt/airflow/dags/1_first_dag.py","logger":"airflow.dag_processing.dagbag.BundleDagBag","filename":"dagbag.py","lineno":460}
{"timestamp":"2026-07-31T11:06:54.578357Z","level":"info","event":"Filling up the DagBag from /opt/airflow/dags/1_first_dag.py","logger":"airflow.dag_processing.dagbag.BundleDagBag","filename":"dagbag.py","lineno":460}
{"timestamp":"2026-07-31T11:07:26.100304Z","level":"info","event":"Filling up the DagBag from /opt/airflow/dags/1_first_dag.py","logger":"airflow.dag_processing.dagbag.BundleDagBag","filename":"dagbag.py","lineno":460}
{"timestamp":"2026-07-31T11:07:56.566283Z","level":"info","event":"Filling up the DagBag from /opt/airflow/dags/1_first_dag.py","logger":"airflow.dag_processing.dagbag.BundleDagBag","filename":"dagbag.py","lineno":460}
{"timestamp":"2026-07-31T11:08:27.856555Z","level":"info","event":"Filling up the DagBag from /opt/airflow/dags/1_first_dag.py","logger":"airflow.dag_processing.dagbag.BundleDagBag","filename":"dagbag.py","lineno":460}
{"timestamp":"2026-07-31T11:08:58.645557Z","level":"info","event":"Filling up the DagBag from /opt/airflow/dags/1_first_dag.py","logger":"airflow.dag_processing.dagbag.BundleDagBag","filename":"dagbag.py","lineno":460}
{"timestamp":"2026-07-31T11:09:29.569768Z","level":"info","event":"Filling up the DagBag from /opt/airflow/dags/1_first_dag.py","logger":"airflow.dag_processing.dagbag.BundleDagBag","filename":"dagbag.py","lineno":460}
{"timestamp":"2026-07-31T11:10:00.418601Z","level":"info","event":"Filling up the DagBag from /opt/airflow/dags/1_first_dag.py","logger":"airflow.dag_processing.dagbag.BundleDagBag","filename":"dagbag.py","lineno":460}
{"timestamp":"2026-07-31T11:10:31.208321Z","level":"info","event":"Filling up the DagBag from /opt/airflow/dags/1_first_dag.py","logger":"airflow.dag_processing.dagbag.BundleDagBag","filename":"dagbag.py","lineno":460}
{"timestamp":"2026-07-31T11:11:01.649375Z","level":"info","event":"Filling up the DagBag from /opt/airflow/dags/1_first_dag.py","logger":"airflow.dag_processing.dagbag.BundleDagBag","filename":"dagbag.py","lineno":460}
{"timestamp":"2026-07-31T11:11:32.754075Z","level":"info","event":"Filling up the DagBag from /opt/airflow/dags/1_first_dag.py","logger":"airflow.dag_processing.dagbag.BundleDagBag","filename":"dagbag.py","lineno":460}
{"timestamp":"2026-07-31T11:12:03.657523Z","level":"info","event":"Filling up the DagBag from /opt/airflow/dags/1_first_dag.py","logger":"airflow.dag_processing.dagbag.BundleDagBag","filename":"dagbag.py","lineno":460}
{"timestamp":"2026-07-31T11:12:34.734732Z","level":"info","event":"Filling up the DagBag from /opt/airflow/dags/1_first_dag.py","logger":"airflow.dag_processing.dagbag.BundleDagBag","filename":"dagbag.py","lineno":460}
{"timestamp":"2026-07-31T11:13:05.823446Z","level":"info","event":"Filling up the DagBag from /opt/airflow/dags/1_first_dag.py","logger":"airflow.dag_processing.dagbag.BundleDagBag","filename":"dagbag.py","lineno":460}
{"timestamp":"2026-07-31T11:13:37.064728Z","level":"info","event":"Filling up the DagBag from /opt/airflow/dags/1_first_dag.py","logger":"airflow.dag_processing.dagbag.BundleDagBag","filename":"dagbag.py","lineno":460}
{"timestamp":"2026-07-31T11:14:08.156951Z","level":"info","event":"Filling up the DagBag from /opt/airflow/dags/1_first_dag.py","logger":"airflow.dag_processing.dagbag.BundleDagBag","filename":"dagbag.py","lineno":460}
{"timestamp":"2026-07-31T11:14:38.590950Z","level":"info","event":"Filling up the DagBag from /opt/airflow/dags/1_first_dag.py","logger":"airflow.dag_processing.dagbag.BundleDagBag","filename":"dagbag.py","lineno":460}
{"timestamp":"2026-07-31T11:15:09.348537Z","level":"info","event":"Filling up the DagBag from /opt/airflow/dags/1_first_dag.py","logger":"airflow.dag_processing.dagbag.BundleDagBag","filename":"dagbag.py","lineno":460}
{"timestamp":"2026-07-31T11:15:40.642293Z","level":"info","event":"Filling up the DagBag from /opt/airflow/dags/1_first_dag.py","logger":"airflow.dag_processing.dagbag.BundleDagBag","filename":"dagbag.py","lineno":460}
{"timestamp":"2026-07-31T11:16:11.342634Z","level":"info","event":"Filling up the DagBag from /opt/airflow/dags/1_first_dag.py","logger":"airflow.dag_processing.dagbag.BundleDagBag","filename":"dagbag.py","lineno":460}
{"timestamp":"2026-07-31T11:16:42.432093Z","level":"info","event":"Filling up the DagBag from /opt/airflow/dags/1_first_dag.py","logger":"airflow.dag_processing.dagbag.BundleDagBag","filename":"dagbag.py","lineno":460}
{"timestamp":"2026-07-31T11:17:13.187245Z","level":"info","event":"Filling up the DagBag from /opt/airflow/dags/1_first_dag.py","logger":"airflow.dag_processing.dagbag.BundleDagBag","filename":"dagbag.py","lineno":460}
{"timestamp":"2026-07-31T11:17:44.555164Z","level":"info","event":"Filling up the DagBag from /opt/airflow/dags/1_first_dag.py","logger":"airflow.dag_processing.dagbag.BundleDagBag","filename":"dagbag.py","lineno":460}
{"timestamp":"2026-07-31T11:18:15.089178Z","level":"info","event":"Filling up the DagBag from /opt/airflow/dags/1_first_dag.py","logger":"airflow.dag_processing.dagbag.BundleDagBag","filename":"dagbag.py","lineno":460}
{"timestamp":"2026-07-31T11:18:46.127110Z","level":"info","event":"Filling up the DagBag from /opt/airflow/dags/1_first_dag.py","logger":"airflow.dag_processing.dagbag.BundleDagBag","filename":"dagbag.py","lineno":460}
{"timestamp":"2026-07-31T11:19:17.217404Z","level":"info","event":"Filling up the DagBag from /opt/airflow/dags/1_first_dag.py","logger":"airflow.dag_processing.dagbag.BundleDagBag","filename":"dagbag.py","lineno":460}
{"timestamp":"2026-07-31T11:19:48.032787Z","level":"info","event":"Filling up the DagBag from /opt/airflow/dags/1_first_dag.py","logger":"airflow.dag_processing.dagbag.BundleDagBag","filename":"dagbag.py","lineno":460}
{"timestamp":"2026-07-31T11:20:18.564937Z","level":"info","event":"Filling up the DagBag from /opt/airflow/dags/1_first_dag.py","logger":"airflow.dag_processing.dagbag.BundleDagBag","filename":"dagbag.py","lineno":460}
{"timestamp":"2026-07-31T11:20:49.922821Z","level":"info","event":"Filling up the DagBag from /opt/airflow/dags/1_first_dag.py","logger":"airflow.dag_processing.dagbag.BundleDagBag","filename":"dagbag.py","lineno":460}
{"timestamp":"2026-07-31T11:21:21.027402Z","level":"info","event":"Filling up the DagBag from /opt/airflow/dags/1_first_dag.py","logger":"airflow.dag_processing.dagbag.BundleDagBag","filename":"dagbag.py","lineno":460}
{"timestamp":"2026-07-31T11:21:51.696055Z","level":"info","event":"Filling up the DagBag from /opt/airflow/dags/1_first_dag.py","logger":"airflow.dag_processing.dagbag.BundleDagBag","filename":"dagbag.py","lineno":460}
{"timestamp":"2026-07-31T11:22:22.732116Z","level":"info","event":"Filling up the DagBag from /opt/airflow/dags/1_first_dag.py","logger":"airflow.dag_processing.dagbag.BundleDagBag","filename":"dagbag.py","lineno":460}
{"timestamp":"2026-07-31T11:22:53.945064Z","level":"info","event":"Filling up the DagBag from /opt/airflow/dags/1_first_dag.py","logger":"airflow.dag_processing.dagbag.BundleDagBag","filename":"dagbag.py","lineno":460}
{"timestamp":"2026-07-31T11:23:24.978244Z","level":"info","event":"Filling up the DagBag from /opt/airflow/dags/1_first_dag.py","logger":"airflow.dag_processing.dagbag.BundleDagBag","filename":"dagbag.py","lineno":460}
{"timestamp":"2026-07-31T11:23:55.593727Z","level":"info","event":"Filling up the DagBag from /opt/airflow/dags/1_first_dag.py","logger":"airflow.dag_processing.dagbag.BundleDagBag","filename":"dagbag.py","lineno":460}
{"timestamp":"2026-07-31T11:24:26.777905Z","level":"info","event":"Filling up the DagBag from /opt/airflow/dags/1_first_dag.py","logger":"airflow.dag_processing.dagbag.BundleDagBag","filename":"dagbag.py","lineno":460}
{"timestamp":"2026-07-31T11:24:57.279034Z","level":"info","event":"Filling up the DagBag from /opt/airflow/dags/1_first_dag.py","logger":"airflow.dag_processing.dagbag.BundleDagBag","filename":"dagbag.py","lineno":460}
{"timestamp":"2026-07-31T11:25:28.601171Z","level":"info","event":"Filling up the DagBag from /opt/airflow/dags/1_first_dag.py","logger":"airflow.dag_processing.dagbag.BundleDagBag","filename":"dagbag.py","lineno":460}
{"timestamp":"2026-07-31T11:25:59.933008Z","level":"info","event":"Filling up the DagBag from /opt/airflow/dags/1_first_dag.py","logger":"airflow.dag_processing.dagbag.BundleDagBag","filename":"dagbag.py","lineno":460}
{"timestamp":"2026-07-31T11:26:30.937133Z","level":"info","event":"Filling up the DagBag from /opt/airflow/dags/1_first_dag.py","logger":"airflow.dag_processing.dagbag.BundleDagBag","filename":"dagbag.py","lineno":460}
{"timestamp":"2026-07-31T11:27:01.698283Z","level":"info","event":"Filling up the DagBag from /opt/airflow/dags/1_first_dag.py","logger":"airflow.dag_processing.dagbag.BundleDagBag","filename":"dagbag.py","lineno":460}
{"timestamp":"2026-07-31T11:27:32.824544Z","level":"info","event":"Filling up the DagBag from /opt/airflow/dags/1_first_dag.py","logger":"airflow.dag_processing.dagbag.BundleDagBag","filename":"dagbag.py","lineno":460}
{"timestamp":"2026-07-31T11:28:03.366510Z","level":"info","event":"Filling up the DagBag from /opt/airflow/dags/1_first_dag.py","logger":"airflow.dag_processing.dagbag.BundleDagBag","filename":"dagbag.py","lineno":460}
{"timestamp":"2026-07-31T11:28:34.572462Z","level":"info","event":"Filling up the DagBag from /opt/airflow/dags/1_first_dag.py","logger":"airflow.dag_processing.dagbag.BundleDagBag","filename":"dagbag.py","lineno":460}
{"timestamp":"2026-07-31T11:29:05.669464Z","level":"info","event":"Filling up the DagBag from /opt/airflow/dags/1_first_dag.py","logger":"airflow.dag_processing.dagbag.BundleDagBag","filename":"dagbag.py","lineno":460}
{"timestamp":"2026-07-31T11:29:36.749057Z","level":"info","event":"Filling up the DagBag from /opt/airflow/dags/1_first_dag.py","logger":"airflow.dag_processing.dagbag.BundleDagBag","filename":"dagbag.py","lineno":460}
{"timestamp":"2026-07-31T11:30:07.970509Z","level":"info","event":"Filling up the DagBag from /opt/airflow/dags/1_first_dag.py","logger":"airflow.dag_processing.dagbag.BundleDagBag","filename":"dagbag.py","lineno":460}
{"timestamp":"2026-07-31T11:30:38.906617Z","level":"info","event":"Filling up the DagBag from /opt/airflow/dags/1_first_dag.py","logger":"airflow.dag_processing.dagbag.BundleDagBag","filename":"dagbag.py","lineno":460}
{"timestamp":"2026-07-31T11:31:09.988515Z","level":"info","event":"Filling up the DagBag from /opt/airflow/dags/1_first_dag.py","logger":"airflow.dag_processing.dagbag.BundleDagBag","filename":"dagbag.py","lineno":460}
{"timestamp":"2026-07-31T11:31:41.135299Z","level":"info","event":"Filling up the DagBag from /opt/airflow/dags/1_first_dag.py","logger":"airflow.dag_processing.dagbag.BundleDagBag","filename":"dagbag.py","lineno":460}
{"timestamp":"2026-07-31T11:32:12.392523Z","level":"info","event":"Filling up the DagBag from /opt/airflow/dags/1_first_dag.py","logger":"airflow.dag_processing.dagbag.BundleDagBag","filename":"dagbag.py","lineno":460}
{"timestamp":"2026-07-31T11:32:43.464331Z","level":"info","event":"Filling up the DagBag from /opt/airflow/dags/1_first_dag.py","logger":"airflow.dag_processing.dagbag.BundleDagBag","filename":"dagbag.py","lineno":460}
{"timestamp":"2026-07-31T11:33:14.024348Z","level":"info","event":"Filling up the DagBag from /opt/airflow/dags/1_first_dag.py","logger":"airflow.dag_processing.dagbag.BundleDagBag","filename":"dagbag.py","lineno":460}
{"timestamp":"2026-07-31T11:33:45.688493Z","level":"info","event":"Filling up the DagBag from /opt/airflow/dags/1_first_dag.py","logger":"airflow.dag_processing.dagbag.BundleDagBag","filename":"dagbag.py","lineno":460}
{"timestamp":"2026-07-31T11:34:16.438125Z","level":"info","event":"Filling up the DagBag from /opt/airflow/dags/1_first_dag.py","logger":"airflow.dag_processing.dagbag.BundleDagBag","filename":"dagbag.py","lineno":460}
{"timestamp":"2026-07-31T11:34:47.052206Z","level":"info","event":"Filling up the DagBag from /opt/airflow/dags/1_first_dag.py","logger":"airflow.dag_processing.dagbag.BundleDagBag","filename":"dagbag.py","lineno":460}
{"timestamp":"2026-07-31T11:35:17.986528Z","level":"info","event":"Filling up the DagBag from /opt/airflow/dags/1_first_dag.py","logger":"airflow.dag_processing.dagbag.BundleDagBag","filename":"dagbag.py","lineno":460}
{"timestamp":"2026-07-31T11:35:49.556657Z","level":"info","event":"Filling up the DagBag from /opt/airflow/dags/1_first_dag.py","logger":"airflow.dag_processing.dagbag.BundleDagBag","filename":"dagbag.py","lineno":460}
{"timestamp":"2026-07-31T11:36:20.196833Z","level":"info","event":"Filling up the DagBag from /opt/airflow/dags/1_first_dag.py","logger":"airflow.dag_processing.dagbag.BundleDagBag","filename":"dagbag.py","lineno":460}
{"timestamp":"2026-07-31T11:36:51.798540Z","level":"info","event":"Filling up the DagBag from /opt/airflow/dags/1_first_dag.py","logger":"airflow.dag_processing.dagbag.BundleDagBag","filename":"dagbag.py","lineno":460}
{"timestamp":"2026-07-31T11:37:23.111478Z","level":"info","event":"Filling up the DagBag from /opt/airflow/dags/1_first_dag.py","logger":"airflow.dag_processing.dagbag.BundleDagBag","filename":"dagbag.py","lineno":460}
{"timestamp":"2026-07-31T11:37:53.974834Z","level":"info","event":"Filling up the DagBag from /opt/airflow/dags/1_first_dag.py","logger":"airflow.dag_processing.dagbag.BundleDagBag","filename":"dagbag.py","lineno":460}
{"timestamp":"2026-07-31T11:38:24.527062Z","level":"info","event":"Filling up the DagBag from /opt/airflow/dags/1_first_dag.py","logger":"airflow.dag_processing.dagbag.BundleDagBag","filename":"dagbag.py","lineno":460}
{"timestamp":"2026-07-31T11:38:55.648680Z","level":"info","event":"Filling up the DagBag from /opt/airflow/dags/1_first_dag.py","logger":"airflow.dag_processing.dagbag.BundleDagBag","filename":"dagbag.py","lineno":460}
{"timestamp":"2026-07-31T11:39:26.704873Z","level":"info","event":"Filling up the DagBag from /opt/airflow/dags/1_first_dag.py","logger":"airflow.dag_processing.dagbag.BundleDagBag","filename":"dagbag.py","lineno":460}
{"timestamp":"2026-07-31T11:39:59.066568Z","level":"info","event":"Filling up the DagBag from /opt/airflow/dags/1_first_dag.py","logger":"airflow.dag_processing.dagbag.BundleDagBag","filename":"dagbag.py","lineno":460}
{"timestamp":"2026-07-31T11:40:29.891973Z","level":"info","event":"Filling up the DagBag from /opt/airflow/dags/1_first_dag.py","logger":"airflow.dag_processing.dagbag.BundleDagBag","filename":"dagbag.py","lineno":460}
{"timestamp":"2026-07-31T11:41:00.763434Z","level":"info","event":"Filling up the DagBag from /opt/airflow/dags/1_first_dag.py","logger":"airflow.dag_processing.dagbag.BundleDagBag","filename":"dagbag.py","lineno":460}
{"timestamp":"2026-07-31T11:41:31.451179Z","level":"info","event":"Filling up the DagBag from /opt/airflow/dags/1_first_dag.py","logger":"airflow.dag_processing.dagbag.BundleDagBag","filename":"dagbag.py","lineno":460}
{"timestamp":"2026-07-31T11:42:02.437055Z","level":"info","event":"Filling up the DagBag from /opt/airflow/dags/1_first_dag.py","logger":"airflow.dag_processing.dagbag.BundleDagBag","filename":"dagbag.py","lineno":460}
{"timestamp":"2026-07-31T11:42:33.791097Z","level":"info","event":"Filling up the DagBag from /opt/airflow/dags/1_first_dag.py","logger":"airflow.dag_processing.dagbag.BundleDagBag","filename":"dagbag.py","lineno":460}
{"timestamp":"2026-07-31T11:43:04.601703Z","level":"info","event":"Filling up the DagBag from /opt/airflow/dags/1_first_dag.py","logger":"airflow.dag_processing.dagbag.BundleDagBag","filename":"dagbag.py","lineno":460}
{"timestamp":"2026-07-31T11:43:35.163940Z","level":"info","event":"Filling up the DagBag from /opt/airflow/dags/1_first_dag.py","logger":"airflow.dag_processing.dagbag.BundleDagBag","filename":"dagbag.py","lineno":460}
{"timestamp":"2026-07-31T11:44:06.623965Z","level":"info","event":"Filling up the DagBag from /opt/airflow/dags/1_first_dag.py","logger":"airflow.dag_processing.dagbag.BundleDagBag","filename":"dagbag.py","lineno":460}
{"timestamp":"2026-07-31T11:44:37.724585Z","level":"info","event":"Filling up the DagBag from /opt/airflow/dags/1_first_dag.py","logger":"airflow.dag_processing.dagbag.BundleDagBag","filename":"dagbag.py","lineno":460}
{"timestamp":"2026-07-31T11:45:09.009540Z","level":"info","event":"Filling up the DagBag from /opt/airflow/dags/1_first_dag.py","logger":"airflow.dag_processing.dagbag.BundleDagBag","filename":"dagbag.py","lineno":460}
{"timestamp":"2026-07-31T11:45:40.007891Z","level":"info","event":"Filling up the DagBag from /opt/airflow/dags/1_first_dag.py","logger":"airflow.dag_processing.dagbag.BundleDagBag","filename":"dagbag.py","lineno":460}
{"timestamp":"2026-07-31T11:46:11.136299Z","level":"info","event":"Filling up the DagBag from /opt/airflow/dags/1_first_dag.py","logger":"airflow.dag_processing.dagbag.BundleDagBag","filename":"dagbag.py","lineno":460}
{"timestamp":"2026-07-31T11:46:42.372544Z","level":"info","event":"Filling up the DagBag from /opt/airflow/dags/1_first_dag.py","logger":"airflow.dag_processing.dagbag.BundleDagBag","filename":"dagbag.py","lineno":460}
{"timestamp":"2026-07-31T11:47:13.383022Z","level":"info","event":"Filling up the DagBag from /opt/airflow/dags/1_first_dag.py","logger":"airflow.dag_processing.dagbag.BundleDagBag","filename":"dagbag.py","lineno":460}
{"timestamp":"2026-07-31T11:47:44.221414Z","level":"info","event":"Filling up the DagBag from /opt/airflow/dags/1_first_dag.py","logger":"airflow.dag_processing.dagbag.BundleDagBag","filename":"dagbag.py","lineno":460}
{"timestamp":"2026-07-31T11:48:15.250725Z","level":"info","event":"Filling up the DagBag from /opt/airflow/dags/1_first_dag.py","logger":"airflow.dag_processing.dagbag.BundleDagBag","filename":"dagbag.py","lineno":460}
{"timestamp":"2026-07-31T11:48:46.012517Z","level":"info","event":"Filling up the DagBag from /opt/airflow/dags/1_first_dag.py","logger":"airflow.dag_processing.dagbag.BundleDagBag","filename":"dagbag.py","lineno":460}
{"timestamp":"2026-07-31T11:49:17.050432Z","level":"info","event":"Filling up the DagBag from /opt/airflow/dags/1_first_dag.py","logger":"airflow.dag_processing.dagbag.BundleDagBag","filename":"dagbag.py","lineno":460}
{"timestamp":"2026-07-31T11:49:48.037296Z","level":"info","event":"Filling up the DagBag from /opt/airflow/dags/1_first_dag.py","logger":"airflow.dag_processing.dagbag.BundleDagBag","filename":"dagbag.py","lineno":460}
{"timestamp":"2026-07-31T11:50:18.817248Z","level":"info","event":"Filling up the DagBag from /opt/airflow/dags/1_first_dag.py","logger":"airflow.dag_processing.dagbag.BundleDagBag","filename":"dagbag.py","lineno":460}
{"timestamp":"2026-07-31T11:50:49.648135Z","level":"info","event":"Filling up the DagBag from /opt/airflow/dags/1_first_dag.py","logger":"airflow.dag_processing.dagbag.BundleDagBag","filename":"dagbag.py","lineno":460}
{"timestamp":"2026-07-31T11:51:20.628485Z","level":"info","event":"Filling up the DagBag from /opt/airflow/dags/1_first_dag.py","logger":"airflow.dag_processing.dagbag.BundleDagBag","filename":"dagbag.py","lineno":460}
{"timestamp":"2026-07-31T11:51:52.533588Z","level":"info","event":"Filling up the DagBag from /opt/airflow/dags/1_first_dag.py","logger":"airflow.dag_processing.dagbag.BundleDagBag","filename":"dagbag.py","lineno":460}
{"timestamp":"2026-07-31T11:52:23.329344Z","level":"info","event":"Filling up the DagBag from /opt/airflow/dags/1_first_dag.py","logger":"airflow.dag_processing.dagbag.BundleDagBag","filename":"dagbag.py","lineno":460}
{"timestamp":"2026-07-31T11:52:54.586224Z","level":"info","event":"Filling up the DagBag from /opt/airflow/dags/1_first_dag.py","logger":"airflow.dag_processing.dagbag.BundleDagBag","filename":"dagbag.py","lineno":460}
{"timestamp":"2026-07-31T11:53:25.201212Z","level":"info","event":"Filling up the DagBag from /opt/airflow/dags/1_first_dag.py","logger":"airflow.dag_processing.dagbag.BundleDagBag","filename":"dagbag.py","lineno":460}
{"timestamp":"2026-07-31T11:53:56.138675Z","level":"info","event":"Filling up the DagBag from /opt/airflow/dags/1_first_dag.py","logger":"airflow.dag_processing.dagbag.BundleDagBag","filename":"dagbag.py","lineno":460}
{"timestamp":"2026-07-31T11:54:26.778494Z","level":"info","event":"Filling up the DagBag from /opt/airflow/dags/1_first_dag.py","logger":"airflow.dag_processing.dagbag.BundleDagBag","filename":"dagbag.py","lineno":460}
{"timestamp":"2026-07-31T13:59:41.348414Z","level":"info","event":"Filling up the DagBag from /opt/airflow/dags/1_first_dag.py","logger":"airflow.dag_processing.dagbag.BundleDagBag","filename":"dagbag.py","lineno":460}
{"timestamp":"2026-07-31T14:00:12.782639Z","level":"info","event":"Filling up the DagBag from /opt/airflow/dags/1_first_dag.py","logger":"airflow.dag_processing.dagbag.BundleDagBag","filename":"dagbag.py","lineno":460}
{"timestamp":"2026-07-31T14:00:43.301628Z","level":"info","event":"Filling up the DagBag from /opt/airflow/dags/1_first_dag.py","logger":"airflow.dag_processing.dagbag.BundleDagBag","filename":"dagbag.py","lineno":460}
{"timestamp":"2026-07-31T14:01:15.057683Z","level":"info","event":"Filling up the DagBag from /opt/airflow/dags/1_first_dag.py","logger":"airflow.dag_processing.dagbag.BundleDagBag","filename":"dagbag.py","lineno":460}
{"timestamp":"2026-07-31T14:01:46.828494Z","level":"info","event":"Filling up the DagBag from /opt/airflow/dags/1_first_dag.py","logger":"airflow.dag_processing.dagbag.BundleDagBag","filename":"dagbag.py","lineno":460}
{"timestamp":"2026-07-31T14:02:17.971234Z","level":"info","event":"Filling up the DagBag from /opt/airflow/dags/1_first_dag.py","logger":"airflow.dag_processing.dagbag.BundleDagBag","filename":"dagbag.py","lineno":460}
{"timestamp":"2026-07-31T14:02:48.783431Z","level":"info","event":"Filling up the DagBag from /opt/airflow/dags/1_first_dag.py","logger":"airflow.dag_processing.dagbag.BundleDagBag","filename":"dagbag.py","lineno":460}
{"timestamp":"2026-07-31T14:03:19.494094Z","level":"info","event":"Filling up the DagBag from /opt/airflow/dags/1_first_dag.py","logger":"airflow.dag_processing.dagbag.BundleDagBag","filename":"dagbag.py","lineno":460}
{"timestamp":"2026-07-31T14:03:50.560001Z","level":"info","event":"Filling up the DagBag from /opt/airflow/dags/1_first_dag.py","logger":"airflow.dag_processing.dagbag.BundleDagBag","filename":"dagbag.py","lineno":460}
{"timestamp":"2026-07-31T14:04:21.278124Z","level":"info","event":"Filling up the DagBag from /opt/airflow/dags/1_first_dag.py","logger":"airflow.dag_processing.dagbag.BundleDagBag","filename":"dagbag.py","lineno":460}
{"timestamp":"2026-07-31T14:04:52.056192Z","level":"info","event":"Filling up the DagBag from /opt/airflow/dags/1_first_dag.py","logger":"airflow.dag_processing.dagbag.BundleDagBag","filename":"dagbag.py","lineno":460}
{"timestamp":"2026-07-31T14:05:22.885554Z","level":"info","event":"Filling up the DagBag from /opt/airflow/dags/1_first_dag.py","logger":"airflow.dag_processing.dagbag.BundleDagBag","filename":"dagbag.py","lineno":460}
{"timestamp":"2026-07-31T14:05:53.945821Z","level":"info","event":"Filling up the DagBag from /opt/airflow/dags/1_first_dag.py","logger":"airflow.dag_processing.dagbag.BundleDagBag","filename":"dagbag.py","lineno":460}
{"timestamp":"2026-07-31T14:06:25.770478Z","level":"info","event":"Filling up the DagBag from /opt/airflow/dags/1_first_dag.py","logger":"airflow.dag_processing.dagbag.BundleDagBag","filename":"dagbag.py","lineno":460}
{"timestamp":"2026-07-31T14:06:56.917667Z","level":"info","event":"Filling up the DagBag from /opt/airflow/dags/1_first_dag.py","logger":"airflow.dag_processing.dagbag.BundleDagBag","filename":"dagbag.py","lineno":460}
{"timestamp":"2026-07-31T14:07:28.910216Z","level":"info","event":"Filling up the DagBag from /opt/airflow/dags/1_first_dag.py","logger":"airflow.dag_processing.dagbag.BundleDagBag","filename":"dagbag.py","lineno":460}
{"timestamp":"2026-07-31T14:08:00.805171Z","level":"info","event":"Filling up the DagBag from /opt/airflow/dags/1_first_dag.py","logger":"airflow.dag_processing.dagbag.BundleDagBag","filename":"dagbag.py","lineno":460}
{"timestamp":"2026-07-31T14:08:32.894902Z","level":"info","event":"Filling up the DagBag from /opt/airflow/dags/1_first_dag.py","logger":"airflow.dag_processing.dagbag.BundleDagBag","filename":"dagbag.py","lineno":460}
{"timestamp":"2026-07-31T14:09:04.330087Z","level":"info","event":"Filling up the DagBag from /opt/airflow/dags/1_first_dag.py","logger":"airflow.dag_processing.dagbag.BundleDagBag","filename":"dagbag.py","lineno":460}
{"timestamp":"2026-07-31T14:09:35.703990Z","level":"info","event":"Filling up the DagBag from /opt/airflow/dags/1_first_dag.py","logger":"airflow.dag_processing.dagbag.BundleDagBag","filename":"dagbag.py","lineno":460}
{"timestamp":"2026-07-31T14:10:07.549910Z","level":"info","event":"Filling up the DagBag from /opt/airflow/dags/1_first_dag.py","logger":"airflow.dag_processing.dagbag.BundleDagBag","filename":"dagbag.py","lineno":460}
{"timestamp":"2026-07-31T14:10:39.874928Z","level":"info","event":"Filling up the DagBag from /opt/airflow/dags/1_first_dag.py","logger":"airflow.dag_processing.dagbag.BundleDagBag","filename":"dagbag.py","lineno":460}
{"timestamp":"2026-07-31T14:11:12.453906Z","level":"info","event":"Filling up the DagBag from /opt/airflow/dags/1_first_dag.py","logger":"airflow.dag_processing.dagbag.BundleDagBag","filename":"dagbag.py","lineno":460}
{"timestamp":"2026-07-31T14:11:43.604631Z","level":"info","event":"Filling up the DagBag from /opt/airflow/dags/1_first_dag.py","logger":"airflow.dag_processing.dagbag.BundleDagBag","filename":"dagbag.py","lineno":460}
{"timestamp":"2026-07-31T14:12:15.695603Z","level":"info","event":"Filling up the DagBag from /opt/airflow/dags/1_first_dag.py","logger":"airflow.dag_processing.dagbag.BundleDagBag","filename":"dagbag.py","lineno":460}
{"timestamp":"2026-07-31T14:12:47.240291Z","level":"info","event":"Filling up the DagBag from /opt/airflow/dags/1_first_dag.py","logger":"airflow.dag_processing.dagbag.BundleDagBag","filename":"dagbag.py","lineno":460}
{"timestamp":"2026-07-31T14:13:19.928630Z","level":"info","event":"Filling up the DagBag from /opt/airflow/dags/1_first_dag.py","logger":"airflow.dag_processing.dagbag.BundleDagBag","filename":"dagbag.py","lineno":460}
{"timestamp":"2026-07-31T14:13:51.171884Z","level":"info","event":"Filling up the DagBag from /opt/airflow/dags/1_first_dag.py","logger":"airflow.dag_processing.dagbag.BundleDagBag","filename":"dagbag.py","lineno":460}
{"timestamp":"2026-07-31T14:14:23.482092Z","level":"info","event":"Filling up the DagBag from /opt/airflow/dags/1_first_dag.py","logger":"airflow.dag_processing.dagbag.BundleDagBag","filename":"dagbag.py","lineno":460}
{"timestamp":"2026-07-31T14:14:55.144295Z","level":"info","event":"Filling up the DagBag from /opt/airflow/dags/1_first_dag.py","logger":"airflow.dag_processing.dagbag.BundleDagBag","filename":"dagbag.py","lineno":460}
{"timestamp":"2026-07-31T14:15:27.679741Z","level":"info","event":"Filling up the DagBag from /opt/airflow/dags/1_first_dag.py","logger":"airflow.dag_processing.dagbag.BundleDagBag","filename":"dagbag.py","lineno":460}
{"timestamp":"2026-07-31T14:16:00.629887Z","level":"info","event":"Filling up the DagBag from /opt/airflow/dags/1_first_dag.py","logger":"airflow.dag_processing.dagbag.BundleDagBag","filename":"dagbag.py","lineno":460}
{"timestamp":"2026-07-31T14:16:31.442988Z","level":"info","event":"Filling up the DagBag from /opt/airflow/dags/1_first_dag.py","logger":"airflow.dag_processing.dagbag.BundleDagBag","filename":"dagbag.py","lineno":460}
{"timestamp":"2026-07-31T14:17:03.172268Z","level":"info","event":"Filling up the DagBag from /opt/airflow/dags/1_first_dag.py","logger":"airflow.dag_processing.dagbag.BundleDagBag","filename":"dagbag.py","lineno":460}
{"timestamp":"2026-07-31T14:17:35.384472Z","level":"info","event":"Filling up the DagBag from /opt/airflow/dags/1_first_dag.py","logger":"airflow.dag_processing.dagbag.BundleDagBag","filename":"dagbag.py","lineno":460}
{"timestamp":"2026-07-31T14:18:07.099469Z","level":"info","event":"Filling up the DagBag from /opt/airflow/dags/1_first_dag.py","logger":"airflow.dag_processing.dagbag.BundleDagBag","filename":"dagbag.py","lineno":460}
{"timestamp":"2026-07-31T14:18:39.909469Z","level":"info","event":"Filling up the DagBag from /opt/airflow/dags/1_first_dag.py","logger":"airflow.dag_processing.dagbag.BundleDagBag","filename":"dagbag.py","lineno":460}
{"timestamp":"2026-07-31T14:19:11.747784Z","level":"info","event":"Filling up the DagBag from /opt/airflow/dags/1_first_dag.py","logger":"airflow.dag_processing.dagbag.BundleDagBag","filename":"dagbag.py","lineno":460}
{"timestamp":"2026-07-31T14:19:44.269054Z","level":"info","event":"Filling up the DagBag from /opt/airflow/dags/1_first_dag.py","logger":"airflow.dag_processing.dagbag.BundleDagBag","filename":"dagbag.py","lineno":460}
{"timestamp":"2026-07-31T14:20:15.591268Z","level":"info","event":"Filling up the DagBag from /opt/airflow/dags/1_first_dag.py","logger":"airflow.dag_processing.dagbag.BundleDagBag","filename":"dagbag.py","lineno":460}
{"timestamp":"2026-07-31T14:20:47.682684Z","level":"info","event":"Filling up the DagBag from /opt/airflow/dags/1_first_dag.py","logger":"airflow.dag_processing.dagbag.BundleDagBag","filename":"dagbag.py","lineno":460}
{"timestamp":"2026-07-31T14:21:20.175253Z","level":"info","event":"Filling up the DagBag from /opt/airflow/dags/1_first_dag.py","logger":"airflow.dag_processing.dagbag.BundleDagBag","filename":"dagbag.py","lineno":460}
{"timestamp":"2026-07-31T14:21:52.721152Z","level":"info","event":"Filling up the DagBag from /opt/airflow/dags/1_first_dag.py","logger":"airflow.dag_processing.dagbag.BundleDagBag","filename":"dagbag.py","lineno":460}
{"timestamp":"2026-07-31T14:22:24.224704Z","level":"info","event":"Filling up the DagBag from /opt/airflow/dags/1_first_dag.py","logger":"airflow.dag_processing.dagbag.BundleDagBag","filename":"dagbag.py","lineno":460}
{"timestamp":"2026-07-31T14:22:57.703450Z","level":"info","event":"Filling up the DagBag from /opt/airflow/dags/1_first_dag.py","logger":"airflow.dag_processing.dagbag.BundleDagBag","filename":"dagbag.py","lineno":460}
{"timestamp":"2026-07-31T14:23:28.476342Z","level":"info","event":"Filling up the DagBag from /opt/airflow/dags/1_first_dag.py","logger":"airflow.dag_processing.dagbag.BundleDagBag","filename":"dagbag.py","lineno":460}
{"timestamp":"2026-07-31T14:24:01.040461Z","level":"info","event":"Filling up the DagBag from /opt/airflow/dags/1_first_dag.py","logger":"airflow.dag_processing.dagbag.BundleDagBag","filename":"dagbag.py","lineno":460}
{"timestamp":"2026-07-31T14:24:33.849413Z","level":"info","event":"Filling up the DagBag from /opt/airflow/dags/1_first_dag.py","logger":"airflow.dag_processing.dagbag.BundleDagBag","filename":"dagbag.py","lineno":460}
{"timestamp":"2026-07-31T14:59:57.492499Z","level":"info","event":"Filling up the DagBag from /opt/airflow/dags/1_first_dag.py","logger":"airflow.dag_processing.dagbag.BundleDagBag","filename":"dagbag.py","lineno":460}
{"timestamp":"2026-07-31T15:00:28.016653Z","level":"info","event":"Filling up the DagBag from /opt/airflow/dags/1_first_dag.py","logger":"airflow.dag_processing.dagbag.BundleDagBag","filename":"dagbag.py","lineno":460}
{"timestamp":"2026-07-31T15:00:58.375733Z","level":"info","event":"Filling up the DagBag from /opt/airflow/dags/1_first_dag.py","logger":"airflow.dag_processing.dagbag.BundleDagBag","filename":"dagbag.py","lineno":460}
{"timestamp":"2026-07-31T15:01:28.981994Z","level":"info","event":"Filling up the DagBag from /opt/airflow/dags/1_first_dag.py","logger":"airflow.dag_processing.dagbag.BundleDagBag","filename":"dagbag.py","lineno":460}
{"timestamp":"2026-07-31T15:01:59.874283Z","level":"info","event":"Filling up the DagBag from /opt/airflow/dags/1_first_dag.py","logger":"airflow.dag_processing.dagbag.BundleDagBag","filename":"dagbag.py","lineno":460}
{"timestamp":"2026-07-31T15:02:30.466808Z","level":"info","event":"Filling up the DagBag from /opt/airflow/dags/1_first_dag.py","logger":"airflow.dag_processing.dagbag.BundleDagBag","filename":"dagbag.py","lineno":460}
{"timestamp":"2026-07-31T15:03:02.572111Z","level":"info","event":"Filling up the DagBag from /opt/airflow/dags/1_first_dag.py","logger":"airflow.dag_processing.dagbag.BundleDagBag","filename":"dagbag.py","lineno":460}
{"timestamp":"2026-07-31T15:03:33.209397Z","level":"info","event":"Filling up the DagBag from /opt/airflow/dags/1_first_dag.py","logger":"airflow.dag_processing.dagbag.BundleDagBag","filename":"dagbag.py","lineno":460}
{"timestamp":"2026-07-31T15:04:04.066114Z","level":"info","event":"Filling up the DagBag from /opt/airflow/dags/1_first_dag.py","logger":"airflow.dag_processing.dagbag.BundleDagBag","filename":"dagbag.py","lineno":460}
{"timestamp":"2026-07-31T15:04:34.826092Z","level":"info","event":"Filling up the DagBag from /opt/airflow/dags/1_first_dag.py","logger":"airflow.dag_processing.dagbag.BundleDagBag","filename":"dagbag.py","lineno":460}
{"timestamp":"2026-07-31T15:05:05.290712Z","level":"info","event":"Filling up the DagBag from /opt/airflow/dags/1_first_dag.py","logger":"airflow.dag_processing.dagbag.BundleDagBag","filename":"dagbag.py","lineno":460}
{"timestamp":"2026-07-31T15:05:35.910152Z","level":"info","event":"Filling up the DagBag from /opt/airflow/dags/1_first_dag.py","logger":"airflow.dag_processing.dagbag.BundleDagBag","filename":"dagbag.py","lineno":460}
{"timestamp":"2026-07-31T15:06:07.722824Z","level":"info","event":"Filling up the DagBag from /opt/airflow/dags/1_first_dag.py","logger":"airflow.dag_processing.dagbag.BundleDagBag","filename":"dagbag.py","lineno":460}
{"timestamp":"2026-07-31T15:06:38.751798Z","level":"info","event":"Filling up the DagBag from /opt/airflow/dags/1_first_dag.py","logger":"airflow.dag_processing.dagbag.BundleDagBag","filename":"dagbag.py","lineno":460}
{"timestamp":"2026-07-31T15:07:09.074397Z","level":"info","event":"Filling up the DagBag from /opt/airflow/dags/1_first_dag.py","logger":"airflow.dag_processing.dagbag.BundleDagBag","filename":"dagbag.py","lineno":460}
{"timestamp":"2026-07-31T15:07:40.203096Z","level":"info","event":"Filling up the DagBag from /opt/airflow/dags/1_first_dag.py","logger":"airflow.dag_processing.dagbag.BundleDagBag","filename":"dagbag.py","lineno":460}
{"timestamp":"2026-07-31T15:08:11.694106Z","level":"info","event":"Filling up the DagBag from /opt/airflow/dags/1_first_dag.py","logger":"airflow.dag_processing.dagbag.BundleDagBag","filename":"dagbag.py","lineno":460}
{"timestamp":"2026-07-31T15:08:42.946654Z","level":"info","event":"Filling up the DagBag from /opt/airflow/dags/1_first_dag.py","logger":"airflow.dag_processing.dagbag.BundleDagBag","filename":"dagbag.py","lineno":460}
{"timestamp":"2026-07-31T15:09:13.336444Z","level":"info","event":"Filling up the DagBag from /opt/airflow/dags/1_first_dag.py","logger":"airflow.dag_processing.dagbag.BundleDagBag","filename":"dagbag.py","lineno":460}
{"timestamp":"2026-07-31T15:09:43.708575Z","level":"info","event":"Filling up the DagBag from /opt/airflow/dags/1_first_dag.py","logger":"airflow.dag_processing.dagbag.BundleDagBag","filename":"dagbag.py","lineno":460}
{"timestamp":"2026-07-31T15:10:14.211936Z","level":"info","event":"Filling up the DagBag from /opt/airflow/dags/1_first_dag.py","logger":"airflow.dag_processing.dagbag.BundleDagBag","filename":"dagbag.py","lineno":460}
{"timestamp":"2026-07-31T15:10:45.318185Z","level":"info","event":"Filling up the DagBag from /opt/airflow/dags/1_first_dag.py","logger":"airflow.dag_processing.dagbag.BundleDagBag","filename":"dagbag.py","lineno":460}
{"timestamp":"2026-07-31T15:11:15.915853Z","level":"info","event":"Filling up the DagBag from /opt/airflow/dags/1_first_dag.py","logger":"airflow.dag_processing.dagbag.BundleDagBag","filename":"dagbag.py","lineno":460}
{"timestamp":"2026-07-31T15:11:47.942786Z","level":"info","event":"Filling up the DagBag from /opt/airflow/dags/1_first_dag.py","logger":"airflow.dag_processing.dagbag.BundleDagBag","filename":"dagbag.py","lineno":460}
{"timestamp":"2026-07-31T15:12:20.541713Z","level":"info","event":"Filling up the DagBag from /opt/airflow/dags/1_first_dag.py","logger":"airflow.dag_processing.dagbag.BundleDagBag","filename":"dagbag.py","lineno":460}
{"timestamp":"2026-07-31T15:12:52.637611Z","level":"info","event":"Filling up the DagBag from /opt/airflow/dags/1_first_dag.py","logger":"airflow.dag_processing.dagbag.BundleDagBag","filename":"dagbag.py","lineno":460}
{"timestamp":"2026-07-31T15:13:25.110042Z","level":"info","event":"Filling up the DagBag from /opt/airflow/dags/1_first_dag.py","logger":"airflow.dag_processing.dagbag.BundleDagBag","filename":"dagbag.py","lineno":460}
{"timestamp":"2026-07-31T15:13:55.831255Z","level":"info","event":"Filling up the DagBag from /opt/airflow/dags/1_first_dag.py","logger":"airflow.dag_processing.dagbag.BundleDagBag","filename":"dagbag.py","lineno":460}
{"timestamp":"2026-07-31T15:14:26.760930Z","level":"info","event":"Filling up the DagBag from /opt/airflow/dags/1_first_dag.py","logger":"airflow.dag_processing.dagbag.BundleDagBag","filename":"dagbag.py","lineno":460}
{"timestamp":"2026-07-31T15:14:57.733467Z","level":"info","event":"Filling up the DagBag from /opt/airflow/dags/1_first_dag.py","logger":"airflow.dag_processing.dagbag.BundleDagBag","filename":"dagbag.py","lineno":460}
{"timestamp":"2026-07-31T15:15:28.600691Z","level":"info","event":"Filling up the DagBag from /opt/airflow/dags/1_first_dag.py","logger":"airflow.dag_processing.dagbag.BundleDagBag","filename":"dagbag.py","lineno":460}
{"timestamp":"2026-07-31T15:15:59.799778Z","level":"info","event":"Filling up the DagBag from /opt/airflow/dags/1_first_dag.py","logger":"airflow.dag_processing.dagbag.BundleDagBag","filename":"dagbag.py","lineno":460}
{"timestamp":"2026-07-31T15:16:31.189884Z","level":"info","event":"Filling up the DagBag from /opt/airflow/dags/1_first_dag.py","logger":"airflow.dag_processing.dagbag.BundleDagBag","filename":"dagbag.py","lineno":460}
{"timestamp":"2026-07-31T15:17:01.662218Z","level":"info","event":"Filling up the DagBag from /opt/airflow/dags/1_first_dag.py","logger":"airflow.dag_processing.dagbag.BundleDagBag","filename":"dagbag.py","lineno":460}
{"timestamp":"2026-07-31T15:17:32.318477Z","level":"info","event":"Filling up the DagBag from /opt/airflow/dags/1_first_dag.py","logger":"airflow.dag_processing.dagbag.BundleDagBag","filename":"dagbag.py","lineno":460}
{"timestamp":"2026-07-31T15:18:03.794130Z","level":"info","event":"Filling up the DagBag from /opt/airflow/dags/1_first_dag.py","logger":"airflow.dag_processing.dagbag.BundleDagBag","filename":"dagbag.py","lineno":460}
{"timestamp":"2026-07-31T15:18:34.615869Z","level":"info","event":"Filling up the DagBag from /opt/airflow/dags/1_first_dag.py","logger":"airflow.dag_processing.dagbag.BundleDagBag","filename":"dagbag.py","lineno":460}
{"timestamp":"2026-07-31T15:19:05.115004Z","level":"info","event":"Filling up the DagBag from /opt/airflow/dags/1_first_dag.py","logger":"airflow.dag_processing.dagbag.BundleDagBag","filename":"dagbag.py","lineno":460}
{"timestamp":"2026-07-31T15:19:35.996537Z","level":"info","event":"Filling up the DagBag from /opt/airflow/dags/1_first_dag.py","logger":"airflow.dag_processing.dagbag.BundleDagBag","filename":"dagbag.py","lineno":460}
{"timestamp":"2026-07-31T15:20:07.134950Z","level":"info","event":"Filling up the DagBag from /opt/airflow/dags/1_first_dag.py","logger":"airflow.dag_processing.dagbag.BundleDagBag","filename":"dagbag.py","lineno":460}
{"timestamp":"2026-07-31T15:20:37.522147Z","level":"info","event":"Filling up the DagBag from /opt/airflow/dags/1_first_dag.py","logger":"airflow.dag_processing.dagbag.BundleDagBag","filename":"dagbag.py","lineno":460}
{"timestamp":"2026-07-31T15:21:08.244744Z","level":"info","event":"Filling up the DagBag from /opt/airflow/dags/1_first_dag.py","logger":"airflow.dag_processing.dagbag.BundleDagBag","filename":"dagbag.py","lineno":460}
{"timestamp":"2026-07-31T15:21:39.127739Z","level":"info","event":"Filling up the DagBag from /opt/airflow/dags/1_first_dag.py","logger":"airflow.dag_processing.dagbag.BundleDagBag","filename":"dagbag.py","lineno":460}
{"timestamp":"2026-07-31T15:22:10.332384Z","level":"info","event":"Filling up the DagBag from /opt/airflow/dags/1_first_dag.py","logger":"airflow.dag_processing.dagbag.BundleDagBag","filename":"dagbag.py","lineno":460}
{"timestamp":"2026-07-31T15:22:40.907495Z","level":"info","event":"Filling up the DagBag from /opt/airflow/dags/1_first_dag.py","logger":"airflow.dag_processing.dagbag.BundleDagBag","filename":"dagbag.py","lineno":460}
{"timestamp":"2026-07-31T15:23:11.902709Z","level":"info","event":"Filling up the DagBag from /opt/airflow/dags/1_first_dag.py","logger":"airflow.dag_processing.dagbag.BundleDagBag","filename":"dagbag.py","lineno":460}
{"timestamp":"2026-07-31T15:23:42.302994Z","level":"info","event":"Filling up the DagBag from /opt/airflow/dags/1_first_dag.py","logger":"airflow.dag_processing.dagbag.BundleDagBag","filename":"dagbag.py","lineno":460}
{"timestamp":"2026-07-31T15:24:13.122321Z","level":"info","event":"Filling up the DagBag from /opt/airflow/dags/1_first_dag.py","logger":"airflow.dag_processing.dagbag.BundleDagBag","filename":"dagbag.py","lineno":460}
{"timestamp":"2026-07-31T15:24:45.650157Z","level":"info","event":"Filling up the DagBag from /opt/airflow/dags/1_first_dag.py","logger":"airflow.dag_processing.dagbag.BundleDagBag","filename":"dagbag.py","lineno":460}
{"timestamp":"2026-07-31T15:25:17.854788Z","level":"info","event":"Filling up the DagBag from /opt/airflow/dags/1_first_dag.py","logger":"airflow.dag_processing.dagbag.BundleDagBag","filename":"dagbag.py","lineno":460}
{"timestamp":"2026-07-31T15:25:50.712428Z","level":"info","event":"Filling up the DagBag from /opt/airflow/dags/1_first_dag.py","logger":"airflow.dag_processing.dagbag.BundleDagBag","filename":"dagbag.py","lineno":460}
{"timestamp":"2026-07-31T15:26:23.287131Z","level":"info","event":"Filling up the DagBag from /opt/airflow/dags/1_first_dag.py","logger":"airflow.dag_processing.dagbag.BundleDagBag","filename":"dagbag.py","lineno":460}
{"timestamp":"2026-07-31T15:26:55.878412Z","level":"info","event":"Filling up the DagBag from /opt/airflow/dags/1_first_dag.py","logger":"airflow.dag_processing.dagbag.BundleDagBag","filename":"dagbag.py","lineno":460}
{"timestamp":"2026-07-31T15:27:28.232801Z","level":"info","event":"Filling up the DagBag from /opt/airflow/dags/1_first_dag.py","logger":"airflow.dag_processing.dagbag.BundleDagBag","filename":"dagbag.py","lineno":460}
{"timestamp":"2026-07-31T15:28:00.003724Z","level":"info","event":"Filling up the DagBag from /opt/airflow/dags/1_first_dag.py","logger":"airflow.dag_processing.dagbag.BundleDagBag","filename":"dagbag.py","lineno":460}
{"timestamp":"2026-07-31T15:28:31.764056Z","level":"info","event":"Filling up the DagBag from /opt/airflow/dags/1_first_dag.py","logger":"airflow.dag_processing.dagbag.BundleDagBag","filename":"dagbag.py","lineno":460}
{"timestamp":"2026-07-31T15:29:04.038891Z","level":"info","event":"Filling up the DagBag from /opt/airflow/dags/1_first_dag.py","logger":"airflow.dag_processing.dagbag.BundleDagBag","filename":"dagbag.py","lineno":460}
{"timestamp":"2026-07-31T15:29:34.666862Z","level":"info","event":"Filling up the DagBag from /opt/airflow/dags/1_first_dag.py","logger":"airflow.dag_processing.dagbag.BundleDagBag","filename":"dagbag.py","lineno":460}
{"timestamp":"2026-07-31T15:30:08.975386Z","level":"info","event":"Filling up the DagBag from /opt/airflow/dags/1_first_dag.py","logger":"airflow.dag_processing.dagbag.BundleDagBag","filename":"dagbag.py","lineno":460}
{"timestamp":"2026-07-31T15:30:39.569581Z","level":"info","event":"Filling up the DagBag from /opt/airflow/dags/1_first_dag.py","logger":"airflow.dag_processing.dagbag.BundleDagBag","filename":"dagbag.py","lineno":460}
{"timestamp":"2026-07-31T15:31:14.190368Z","level":"info","event":"Filling up the DagBag from /opt/airflow/dags/1_first_dag.py","logger":"airflow.dag_processing.dagbag.BundleDagBag","filename":"dagbag.py","lineno":460}
{"timestamp":"2026-07-31T15:31:46.688605Z","level":"info","event":"Filling up the DagBag from /opt/airflow/dags/1_first_dag.py","logger":"airflow.dag_processing.dagbag.BundleDagBag","filename":"dagbag.py","lineno":460}
{"timestamp":"2026-07-31T15:32:19.201005Z","level":"info","event":"Filling up the DagBag from /opt/airflow/dags/1_first_dag.py","logger":"airflow.dag_processing.dagbag.BundleDagBag","filename":"dagbag.py","lineno":460}
{"timestamp":"2026-07-31T15:32:51.649782Z","level":"info","event":"Filling up the DagBag from /opt/airflow/dags/1_first_dag.py","logger":"airflow.dag_processing.dagbag.BundleDagBag","filename":"dagbag.py","lineno":460}
{"timestamp":"2026-07-31T15:33:23.705194Z","level":"info","event":"Filling up the DagBag from /opt/airflow/dags/1_first_dag.py","logger":"airflow.dag_processing.dagbag.BundleDagBag","filename":"dagbag.py","lineno":460}
{"timestamp":"2026-07-31T15:33:54.716061Z","level":"info","event":"Filling up the DagBag from /opt/airflow/dags/1_first_dag.py","logger":"airflow.dag_processing.dagbag.BundleDagBag","filename":"dagbag.py","lineno":460}
{"timestamp":"2026-07-31T15:34:25.925205Z","level":"info","event":"Filling up the DagBag from /opt/airflow/dags/1_first_dag.py","logger":"airflow.dag_processing.dagbag.BundleDagBag","filename":"dagbag.py","lineno":460}
{"timestamp":"2026-07-31T15:34:57.048326Z","level":"info","event":"Filling up the DagBag from /opt/airflow/dags/1_first_dag.py","logger":"airflow.dag_processing.dagbag.BundleDagBag","filename":"dagbag.py","lineno":460}
{"timestamp":"2026-07-31T15:35:28.151899Z","level":"info","event":"Filling up the DagBag from /opt/airflow/dags/1_first_dag.py","logger":"airflow.dag_processing.dagbag.BundleDagBag","filename":"dagbag.py","lineno":460}
{"timestamp":"2026-07-31T15:35:59.338479Z","level":"info","event":"Filling up the DagBag from /opt/airflow/dags/1_first_dag.py","logger":"airflow.dag_processing.dagbag.BundleDagBag","filename":"dagbag.py","lineno":460}
{"timestamp":"2026-07-31T15:36:29.876062Z","level":"info","event":"Filling up the DagBag from /opt/airflow/dags/1_first_dag.py","logger":"airflow.dag_processing.dagbag.BundleDagBag","filename":"dagbag.py","lineno":460}
{"timestamp":"2026-07-31T15:37:00.370038Z","level":"info","event":"Filling up the DagBag from /opt/airflow/dags/1_first_dag.py","logger":"airflow.dag_processing.dagbag.BundleDagBag","filename":"dagbag.py","lineno":460}
{"timestamp":"2026-07-31T15:37:30.798069Z","level":"info","event":"Filling up the DagBag from /opt/airflow/dags/1_first_dag.py","logger":"airflow.dag_processing.dagbag.BundleDagBag","filename":"dagbag.py","lineno":460}
{"timestamp":"2026-07-31T15:38:01.766029Z","level":"info","event":"Filling up the DagBag from /opt/airflow/dags/1_first_dag.py","logger":"airflow.dag_processing.dagbag.BundleDagBag","filename":"dagbag.py","lineno":460}
{"timestamp":"2026-07-31T15:38:33.391551Z","level":"info","event":"Filling up the DagBag from /opt/airflow/dags/1_first_dag.py","logger":"airflow.dag_processing.dagbag.BundleDagBag","filename":"dagbag.py","lineno":460}
{"timestamp":"2026-07-31T15:39:03.713569Z","level":"info","event":"Filling up the DagBag from /opt/airflow/dags/1_first_dag.py","logger":"airflow.dag_processing.dagbag.BundleDagBag","filename":"dagbag.py","lineno":460}
{"timestamp":"2026-07-31T15:39:34.774672Z","level":"info","event":"Filling up the DagBag from /opt/airflow/dags/1_first_dag.py","logger":"airflow.dag_processing.dagbag.BundleDagBag","filename":"dagbag.py","lineno":460}
{"timestamp":"2026-07-31T15:40:05.151727Z","level":"info","event":"Filling up the DagBag from /opt/airflow/dags/1_first_dag.py","logger":"airflow.dag_processing.dagbag.BundleDagBag","filename":"dagbag.py","lineno":460}
{"timestamp":"2026-07-31T15:40:35.483538Z","level":"info","event":"Filling up the DagBag from /opt/airflow/dags/1_first_dag.py","logger":"airflow.dag_processing.dagbag.BundleDagBag","filename":"dagbag.py","lineno":460}
{"timestamp":"2026-07-31T15:41:05.934541Z","level":"info","event":"Filling up the DagBag from /opt/airflow/dags/1_first_dag.py","logger":"airflow.dag_processing.dagbag.BundleDagBag","filename":"dagbag.py","lineno":460}
{"timestamp":"2026-07-31T15:41:36.365305Z","level":"info","event":"Filling up the DagBag from /opt/airflow/dags/1_first_dag.py","logger":"airflow.dag_processing.dagbag.BundleDagBag","filename":"dagbag.py","lineno":460}
{"timestamp":"2026-07-31T15:42:07.372700Z","level":"info","event":"Filling up the DagBag from /opt/airflow/dags/1_first_dag.py","logger":"airflow.dag_processing.dagbag.BundleDagBag","filename":"dagbag.py","lineno":460}
{"timestamp":"2026-07-31T15:42:37.755867Z","level":"info","event":"Filling up the DagBag from /opt/airflow/dags/1_first_dag.py","logger":"airflow.dag_processing.dagbag.BundleDagBag","filename":"dagbag.py","lineno":460}
{"timestamp":"2026-07-31T15:43:10.378399Z","level":"info","event":"Filling up the DagBag from /opt/airflow/dags/1_first_dag.py","logger":"airflow.dag_processing.dagbag.BundleDagBag","filename":"dagbag.py","lineno":460}
{"timestamp":"2026-07-31T15:43:42.258158Z","level":"info","event":"Filling up the DagBag from /opt/airflow/dags/1_first_dag.py","logger":"airflow.dag_processing.dagbag.BundleDagBag","filename":"dagbag.py","lineno":460}
{"timestamp":"2026-07-31T15:44:14.504318Z","level":"info","event":"Filling up the DagBag from /opt/airflow/dags/1_first_dag.py","logger":"airflow.dag_processing.dagbag.BundleDagBag","filename":"dagbag.py","lineno":460}
{"timestamp":"2026-07-31T15:44:45.457792Z","level":"info","event":"Filling up the DagBag from /opt/airflow/dags/1_first_dag.py","logger":"airflow.dag_processing.dagbag.BundleDagBag","filename":"dagbag.py","lineno":460}
{"timestamp":"2026-07-31T15:45:15.962336Z","level":"info","event":"Filling up the DagBag from /opt/airflow/dags/1_first_dag.py","logger":"airflow.dag_processing.dagbag.BundleDagBag","filename":"dagbag.py","lineno":460}
{"timestamp":"2026-07-31T15:45:47.037070Z","level":"info","event":"Filling up the DagBag from /opt/airflow/dags/1_first_dag.py","logger":"airflow.dag_processing.dagbag.BundleDagBag","filename":"dagbag.py","lineno":460}
{"timestamp":"2026-07-31T15:46:17.734716Z","level":"info","event":"Filling up the DagBag from /opt/airflow/dags/1_first_dag.py","logger":"airflow.dag_processing.dagbag.BundleDagBag","filename":"dagbag.py","lineno":460}
{"timestamp":"2026-07-31T15:46:48.466845Z","level":"info","event":"Filling up the DagBag from /opt/airflow/dags/1_first_dag.py","logger":"airflow.dag_processing.dagbag.BundleDagBag","filename":"dagbag.py","lineno":460}
{"timestamp":"2026-07-31T15:47:19.659834Z","level":"info","event":"Filling up the DagBag from /opt/airflow/dags/1_first_dag.py","logger":"airflow.dag_processing.dagbag.BundleDagBag","filename":"dagbag.py","lineno":460}
{"timestamp":"2026-07-31T15:47:50.526537Z","level":"info","event":"Filling up the DagBag from /opt/airflow/dags/1_first_dag.py","logger":"airflow.dag_processing.dagbag.BundleDagBag","filename":"dagbag.py","lineno":460}
{"timestamp":"2026-07-31T15:48:21.090195Z","level":"info","event":"Filling up the DagBag from /opt/airflow/dags/1_first_dag.py","logger":"airflow.dag_processing.dagbag.BundleDagBag","filename":"dagbag.py","lineno":460}
{"timestamp":"2026-07-31T15:48:52.288072Z","level":"info","event":"Filling up the DagBag from /opt/airflow/dags/1_first_dag.py","logger":"airflow.dag_processing.dagbag.BundleDagBag","filename":"dagbag.py","lineno":460}
{"timestamp":"2026-07-31T15:49:22.937627Z","level":"info","event":"Filling up the DagBag from /opt/airflow/dags/1_first_dag.py","logger":"airflow.dag_processing.dagbag.BundleDagBag","filename":"dagbag.py","lineno":460}
{"timestamp":"2026-07-31T15:49:53.526532Z","level":"info","event":"Filling up the DagBag from /opt/airflow/dags/1_first_dag.py","logger":"airflow.dag_processing.dagbag.BundleDagBag","filename":"dagbag.py","lineno":460}
{"timestamp":"2026-07-31T15:50:24.406255Z","level":"info","event":"Filling up the DagBag from /opt/airflow/dags/1_first_dag.py","logger":"airflow.dag_processing.dagbag.BundleDagBag","filename":"dagbag.py","lineno":460}
{"timestamp":"2026-07-31T15:50:55.739497Z","level":"info","event":"Filling up the DagBag from /opt/airflow/dags/1_first_dag.py","logger":"airflow.dag_processing.dagbag.BundleDagBag","filename":"dagbag.py","lineno":460}
{"timestamp":"2026-07-31T15:51:26.416472Z","level":"info","event":"Filling up the DagBag from /opt/airflow/dags/1_first_dag.py","logger":"airflow.dag_processing.dagbag.BundleDagBag","filename":"dagbag.py","lineno":460}
{"timestamp":"2026-07-31T15:51:57.583535Z","level":"info","event":"Filling up the DagBag from /opt/airflow/dags/1_first_dag.py","logger":"airflow.dag_processing.dagbag.BundleDagBag","filename":"dagbag.py","lineno":460}
{"timestamp":"2026-07-31T15:52:28.368682Z","level":"info","event":"Filling up the DagBag from /opt/airflow/dags/1_first_dag.py","logger":"airflow.dag_processing.dagbag.BundleDagBag","filename":"dagbag.py","lineno":460}
{"timestamp":"2026-07-31T15:52:59.264629Z","level":"info","event":"Filling up the DagBag from /opt/airflow/dags/1_first_dag.py","logger":"airflow.dag_processing.dagbag.BundleDagBag","filename":"dagbag.py","lineno":460}
{"timestamp":"2026-07-31T15:53:30.527843Z","level":"info","event":"Filling up the DagBag from /opt/airflow/dags/1_first_dag.py","logger":"airflow.dag_processing.dagbag.BundleDagBag","filename":"dagbag.py","lineno":460}
{"timestamp":"2026-07-31T15:54:03.674723Z","level":"info","event":"Filling up the DagBag from /opt/airflow/dags/1_first_dag.py","logger":"airflow.dag_processing.dagbag.BundleDagBag","filename":"dagbag.py","lineno":460}
{"timestamp":"2026-07-31T15:54:35.406311Z","level":"info","event":"Filling up the DagBag from /opt/airflow/dags/1_first_dag.py","logger":"airflow.dag_processing.dagbag.BundleDagBag","filename":"dagbag.py","lineno":460}
{"timestamp":"2026-07-31T15:55:07.565472Z","level":"info","event":"Filling up the DagBag from /opt/airflow/dags/1_first_dag.py","logger":"airflow.dag_processing.dagbag.BundleDagBag","filename":"dagbag.py","lineno":460}
{"timestamp":"2026-07-31T15:55:40.884509Z","level":"info","event":"Filling up the DagBag from /opt/airflow/dags/1_first_dag.py","logger":"airflow.dag_processing.dagbag.BundleDagBag","filename":"dagbag.py","lineno":460}
{"timestamp":"2026-07-31T15:56:13.070338Z","level":"info","event":"Filling up the DagBag from /opt/airflow/dags/1_first_dag.py","logger":"airflow.dag_processing.dagbag.BundleDagBag","filename":"dagbag.py","lineno":460}
{"timestamp":"2026-07-31T15:56:46.028588Z","level":"info","event":"Filling up the DagBag from /opt/airflow/dags/1_first_dag.py","logger":"airflow.dag_processing.dagbag.BundleDagBag","filename":"dagbag.py","lineno":460}
{"timestamp":"2026-07-31T15:57:19.608739Z","level":"info","event":"Filling up the DagBag from /opt/airflow/dags/1_first_dag.py","logger":"airflow.dag_processing.dagbag.BundleDagBag","filename":"dagbag.py","lineno":460}
{"timestamp":"2026-07-31T15:57:51.344391Z","level":"info","event":"Filling up the DagBag from /opt/airflow/dags/1_first_dag.py","logger":"airflow.dag_processing.dagbag.BundleDagBag","filename":"dagbag.py","lineno":460}
{"timestamp":"2026-07-31T15:58:23.728503Z","level":"info","event":"Filling up the DagBag from /opt/airflow/dags/1_first_dag.py","logger":"airflow.dag_processing.dagbag.BundleDagBag","filename":"dagbag.py","lineno":460}
{"timestamp":"2026-07-31T15:58:56.091840Z","level":"info","event":"Filling up the DagBag from /opt/airflow/dags/1_first_dag.py","logger":"airflow.dag_processing.dagbag.BundleDagBag","filename":"dagbag.py","lineno":460}
{"timestamp":"2026-07-31T15:59:28.375616Z","level":"info","event":"Filling up the DagBag from /opt/airflow/dags/1_first_dag.py","logger":"airflow.dag_processing.dagbag.BundleDagBag","filename":"dagbag.py","lineno":460}
{"timestamp":"2026-07-31T16:00:01.040535Z","level":"info","event":"Filling up the DagBag from /opt/airflow/dags/1_first_dag.py","logger":"airflow.dag_processing.dagbag.BundleDagBag","filename":"dagbag.py","lineno":460}
{"timestamp":"2026-07-31T16:00:33.803508Z","level":"info","event":"Filling up the DagBag from /opt/airflow/dags/1_first_dag.py","logger":"airflow.dag_processing.dagbag.BundleDagBag","filename":"dagbag.py","lineno":460}
{"timestamp":"2026-07-31T16:01:06.854048Z","level":"info","event":"Filling up the DagBag from /opt/airflow/dags/1_first_dag.py","logger":"airflow.dag_processing.dagbag.BundleDagBag","filename":"dagbag.py","lineno":460}
{"timestamp":"2026-07-31T16:01:39.586432Z","level":"info","event":"Filling up the DagBag from /opt/airflow/dags/1_first_dag.py","logger":"airflow.dag_processing.dagbag.BundleDagBag","filename":"dagbag.py","lineno":460}
{"timestamp":"2026-07-31T16:02:11.915731Z","level":"info","event":"Filling up the DagBag from /opt/airflow/dags/1_first_dag.py","logger":"airflow.dag_processing.dagbag.BundleDagBag","filename":"dagbag.py","lineno":460}
{"timestamp":"2026-07-31T16:02:44.145132Z","level":"info","event":"Filling up the DagBag from /opt/airflow/dags/1_first_dag.py","logger":"airflow.dag_processing.dagbag.BundleDagBag","filename":"dagbag.py","lineno":460}
{"timestamp":"2026-07-31T16:03:17.537157Z","level":"info","event":"Filling up the DagBag from /opt/airflow/dags/1_first_dag.py","logger":"airflow.dag_processing.dagbag.BundleDagBag","filename":"dagbag.py","lineno":460}
{"timestamp":"2026-07-31T16:03:50.096086Z","level":"info","event":"Filling up the DagBag from /opt/airflow/dags/1_first_dag.py","logger":"airflow.dag_processing.dagbag.BundleDagBag","filename":"dagbag.py","lineno":460}
{"timestamp":"2026-07-31T16:04:22.046370Z","level":"info","event":"Filling up the DagBag from /opt/airflow/dags/1_first_dag.py","logger":"airflow.dag_processing.dagbag.BundleDagBag","filename":"dagbag.py","lineno":460}
{"timestamp":"2026-07-31T16:04:54.614398Z","level":"info","event":"Filling up the DagBag from /opt/airflow/dags/1_first_dag.py","logger":"airflow.dag_processing.dagbag.BundleDagBag","filename":"dagbag.py","lineno":460}
{"timestamp":"2026-07-31T16:05:26.488922Z","level":"info","event":"Filling up the DagBag from /opt/airflow/dags/1_first_dag.py","logger":"airflow.dag_processing.dagbag.BundleDagBag","filename":"dagbag.py","lineno":460}
{"timestamp":"2026-07-31T16:05:57.007020Z","level":"info","event":"Filling up the DagBag from /opt/airflow/dags/1_first_dag.py","logger":"airflow.dag_processing.dagbag.BundleDagBag","filename":"dagbag.py","lineno":460}
{"timestamp":"2026-07-31T16:06:28.098434Z","level":"info","event":"Filling up the DagBag from /opt/airflow/dags/1_first_dag.py","logger":"airflow.dag_processing.dagbag.BundleDagBag","filename":"dagbag.py","lineno":460}
{"timestamp":"2026-07-31T16:06:58.469995Z","level":"info","event":"Filling up the DagBag from /opt/airflow/dags/1_first_dag.py","logger":"airflow.dag_processing.dagbag.BundleDagBag","filename":"dagbag.py","lineno":460}
{"timestamp":"2026-07-31T16:07:28.962045Z","level":"info","event":"Filling up the DagBag from /opt/airflow/dags/1_first_dag.py","logger":"airflow.dag_processing.dagbag.BundleDagBag","filename":"dagbag.py","lineno":460}
{"timestamp":"2026-07-31T18:39:16.310523Z","level":"info","event":"Filling up the DagBag from /opt/airflow/dags/1_first_dag.py","logger":"airflow.dag_processing.dagbag.BundleDagBag","filename":"dagbag.py","lineno":460}
{"timestamp":"2026-07-31T18:39:46.802637Z","level":"info","event":"Filling up the DagBag from /opt/airflow/dags/1_first_dag.py","logger":"airflow.dag_processing.dagbag.BundleDagBag","filename":"dagbag.py","lineno":460}
{"timestamp":"2026-07-31T18:40:20.039537Z","level":"info","event":"Filling up the DagBag from /opt/airflow/dags/1_first_dag.py","logger":"airflow.dag_processing.dagbag.BundleDagBag","filename":"dagbag.py","lineno":460}
{"timestamp":"2026-07-31T18:40:50.662260Z","level":"info","event":"Filling up the DagBag from /opt/airflow/dags/1_first_dag.py","logger":"airflow.dag_processing.dagbag.BundleDagBag","filename":"dagbag.py","lineno":460}
{"timestamp":"2026-07-31T18:41:22.227717Z","level":"info","event":"Filling up the DagBag from /opt/airflow/dags/1_first_dag.py","logger":"airflow.dag_processing.dagbag.BundleDagBag","filename":"dagbag.py","lineno":460}
{"timestamp":"2026-07-31T18:41:52.893333Z","level":"info","event":"Filling up the DagBag from /opt/airflow/dags/1_first_dag.py","logger":"airflow.dag_processing.dagbag.BundleDagBag","filename":"dagbag.py","lineno":460}
{"timestamp":"2026-07-31T18:42:23.433172Z","level":"info","event":"Filling up the DagBag from /opt/airflow/dags/1_first_dag.py","logger":"airflow.dag_processing.dagbag.BundleDagBag","filename":"dagbag.py","lineno":460}
{"timestamp":"2026-07-31T18:42:54.650479Z","level":"info","event":"Filling up the DagBag from /opt/airflow/dags/1_first_dag.py","logger":"airflow.dag_processing.dagbag.BundleDagBag","filename":"dagbag.py","lineno":460}
{"timestamp":"2026-07-31T18:43:25.426301Z","level":"info","event":"Filling up the DagBag from /opt/airflow/dags/1_first_dag.py","logger":"airflow.dag_processing.dagbag.BundleDagBag","filename":"dagbag.py","lineno":460}
{"timestamp":"2026-07-31T18:43:56.125731Z","level":"info","event":"Filling up the DagBag from /opt/airflow/dags/1_first_dag.py","logger":"airflow.dag_processing.dagbag.BundleDagBag","filename":"dagbag.py","lineno":460}
{"timestamp":"2026-07-31T18:44:28.147225Z","level":"info","event":"Filling up the DagBag from /opt/airflow/dags/1_first_dag.py","logger":"airflow.dag_processing.dagbag.BundleDagBag","filename":"dagbag.py","lineno":460}
{"timestamp":"2026-07-31T18:44:59.139485Z","level":"info","event":"Filling up the DagBag from /opt/airflow/dags/1_first_dag.py","logger":"airflow.dag_processing.dagbag.BundleDagBag","filename":"dagbag.py","lineno":460}
{"timestamp":"2026-07-31T18:45:29.916089Z","level":"info","event":"Filling up the DagBag from /opt/airflow/dags/1_first_dag.py","logger":"airflow.dag_processing.dagbag.BundleDagBag","filename":"dagbag.py","lineno":460}
{"timestamp":"2026-07-31T18:46:02.697294Z","level":"info","event":"Filling up the DagBag from /opt/airflow/dags/1_first_dag.py","logger":"airflow.dag_processing.dagbag.BundleDagBag","filename":"dagbag.py","lineno":460}
{"timestamp":"2026-07-31T18:46:34.270348Z","level":"info","event":"Filling up the DagBag from /opt/airflow/dags/1_first_dag.py","logger":"airflow.dag_processing.dagbag.BundleDagBag","filename":"dagbag.py","lineno":460}
{"timestamp":"2026-07-31T18:47:07.461427Z","level":"info","event":"Filling up the DagBag from /opt/airflow/dags/1_first_dag.py","logger":"airflow.dag_processing.dagbag.BundleDagBag","filename":"dagbag.py","lineno":460}
{"timestamp":"2026-07-31T18:47:39.068596Z","level":"info","event":"Filling up the DagBag from /opt/airflow/dags/1_first_dag.py","logger":"airflow.dag_processing.dagbag.BundleDagBag","filename":"dagbag.py","lineno":460}
{"timestamp":"2026-07-31T18:48:10.627468Z","level":"info","event":"Filling up the DagBag from /opt/airflow/dags/1_first_dag.py","logger":"airflow.dag_processing.dagbag.BundleDagBag","filename":"dagbag.py","lineno":460}
{"timestamp":"2026-07-31T18:48:44.930681Z","level":"info","event":"Filling up the DagBag from /opt/airflow/dags/1_first_dag.py","logger":"airflow.dag_processing.dagbag.BundleDagBag","filename":"dagbag.py","lineno":460}
